idx,age,Medu,Fedu,traveltime,studytime,famrel,freetime,goout,Dalc,Walc,health,sex_M,address_U,famsize_LE3,Pstatus_T,nursery,plans_university,past_failures,had_support,attendances
0,0.0080361627322953,1.0,1.0,0.02,0.5,1.0,0.8,0.8,0.2,0.4,1.0,1.0,1.0,0.0,1.0,1.0,1.0,0.0,0,0.8125
1,0.0085384229030637,1.0,1.0,0.02,0.25,1.0,0.6,0.8,0.2,0.4,1.0,0.0,1.0,0.0,1.0,1.0,1.0,0.0,0,0.9375
2,0.0080361627322953,0.25,0.25,0.04,0.25,0.8,1.0,1.0,0.4,0.8,1.0,1.0,0.0,1.0,1.0,1.0,1.0,0.0,0,1.0
3,0.0090406830738322,0.25,0.5,0.04,0.25,0.6,0.8,0.8,0.4,0.8,0.8,1.0,1.0,0.0,1.0,0.0,-1.0,0.0,0,0.6875
4,0.0085384229030637,0.5,0.25,0.04,0.5,0.8,0.4,1.0,0.2,0.4,1.0,0.0,0.0,0.0,1.0,1.0,1.0,0.0,0,1.0
5,0.0085384229030637,0.5,1.0,0.02,0.5,0.8,0.6,0.4,0.2,0.2,1.0,0.0,1.0,1.0,1.0,1.0,1.0,0.0,0,0.75
6,0.0075339025615268,0.25,0.25,0.06,0.5,0.8,0.4,0.2,0.2,0.4,0.4,0.0,0.0,0.0,1.0,1.0,1.0,0.0,0,1.0
7,0.0075339025615268,0.75,0.75,0.02,1.0,0.8,0.6,0.6,0.2,0.2,0.8,0.0,1.0,0.0,0.0,1.0,1.0,0.0,1,0.6875
8,0.0095429432446007,0.25,0.25,0.06,0.25,0.8,0.8,0.8,0.6,0.6,1.0,1.0,0.0,0.0,1.0,1.0,1.0,0.3333333333333333,0,0.875
9,0.0085384229030637,0.25,0.25,0.02,0.75,0.8,0.6,0.4,0.2,0.4,0.8,0.0,1.0,1.0,1.0,1.0,1.0,0.0,0,0.6875
10,0.0080361627322953,0.75,0.75,0.02,0.5,0.8,0.6,0.6,0.4,0.8,1.0,0.0,1.0,0.0,1.0,1.0,1.0,0.0,1,0.875
11,0.0075339025615268,0.5,0.5,0.06,0.25,0.8,0.6,0.6,0.2,0.4,0.8,1.0,1.0,0.0,1.0,1.0,1.0,0.0,0,0.96875
12,0.0085384229030637,1.0,1.0,0.02,0.5,0.4,0.6,0.8,0.2,0.2,0.2,0.0,1.0,1.0,1.0,1.0,1.0,0.0,0,0.875
13,0.0080361627322953,0.75,0.75,0.04,0.25,0.8,0.6,0.4,0.2,0.2,1.0,0.0,1.0,0.0,0.0,0.0,1.0,0.0,0,0.875
14,0.0085384229030637,0.75,0.75,0.02,0.25,0.8,0.6,1.0,0.6,1.0,1.0,1.0,1.0,0.0,1.0,0.0,1.0,0.0,0,1.0
15,0.0095429432446007,1.0,0.75,0.02,0.5,0.8,0.6,0.2,0.2,0.2,0.2,1.0,1.0,1.0,0.0,1.0,1.0,0.0,0,0.875
16,0.0080361627322953,0.25,0.0,0.04,0.5,0.8,0.6,0.4,0.2,0.2,0.6,1.0,1.0,0.0,1.0,1.0,1.0,0.0,0,1.0
17,0.0090406830738322,0.5,1.0,0.02,0.5,0.4,0.6,0.4,0.2,0.6,0.2,0.0,1.0,0.0,0.0,1.0,1.0,0.3333333333333333,0,0.75
18,0.0080361627322953,0.5,0.25,0.02,0.5,1.0,0.6,0.6,0.2,0.2,0.2,0.0,1.0,0.0,1.0,1.0,1.0,0.0,0,1.0
19,0.0090406830738322,0.5,0.5,0.04,0.75,0.8,0.4,0.2,0.2,0.2,0.8,0.0,0.0,0.0,1.0,1.0,1.0,0.0,0,0.84375
20,0.0080361627322953,1.0,1.0,0.02,0.5,0.8,1.0,0.4,0.2,0.4,0.6,0.0,1.0,1.0,1.0,1.0,1.0,0.0,0,1.0
21,0.0095429432446007,0.75,0.75,0.02,1.0,0.8,0.6,0.6,0.2,0.4,0.6,0.0,1.0,0.0,1.0,1.0,1.0,0.0,0,0.875
22,0.0090406830738322,0.25,0.5,0.04,0.25,0.8,0.2,0.8,1.0,1.0,0.2,1.0,1.0,1.0,1.0,0.0,1.0,0.0,0,0.75
23,0.0095429432446007,0.25,0.25,0.06,0.75,0.2,1.0,1.0,0.8,0.6,1.0,0.0,1.0,0.0,1.0,1.0,-1.0,0.0,0,0.625
24,0.0090406830738322,0.75,1.0,0.04,0.5,0.8,0.4,1.0,0.6,0.8,0.2,1.0,0.0,1.0,0.0,1.0,1.0,0.0,0,0.8125
25,0.0080361627322953,1.0,1.0,0.02,0.5,1.0,0.6,0.4,0.2,0.6,0.4,1.0,0.0,1.0,0.0,1.0,1.0,0.0,0,0.84375
26,0.0090406830738322,1.0,1.0,0.02,0.5,0.6,0.4,0.8,0.2,0.8,0.4,1.0,1.0,0.0,1.0,0.0,1.0,0.0,0,0.875
27,0.0085384229030637,0.75,0.5,0.02,0.25,1.0,1.0,1.0,0.4,0.8,1.0,1.0,1.0,0.0,1.0,1.0,1.0,1.0,0,0.9375
28,0.0075339025615268,0.75,0.25,0.04,1.0,0.8,0.8,0.4,0.4,0.6,0.6,0.0,0.0,1.0,1.0,0.0,1.0,0.0,0,0.8125
29,0.0095429432446007,0.5,0.75,0.02,0.25,0.8,0.8,0.8,0.2,0.2,0.4,0.0,1.0,0.0,1.0,1.0,-1.0,0.3333333333333333,0,1.0
30,0.0085384229030637,0.75,0.5,0.02,0.25,1.0,0.6,0.8,0.4,0.4,1.0,1.0,0.0,0.0,1.0,0.0,1.0,0.0,0,1.0
31,0.0085384229030637,0.25,0.25,0.04,0.25,0.8,1.0,1.0,0.2,0.6,0.4,1.0,0.0,0.0,1.0,0.0,1.0,0.0,0,1.0
32,0.0075339025615268,0.5,0.5,0.06,1.0,1.0,0.8,1.0,0.4,0.6,1.0,1.0,1.0,1.0,0.0,1.0,1.0,0.0,0,0.75
33,0.0090406830738322,0.5,0.25,0.08,0.5,0.8,0.6,0.4,0.8,1.0,0.6,1.0,1.0,1.0,1.0,1.0,1.0,0.0,1,0.9375
34,0.0090406830738322,0.25,0.25,0.04,0.75,1.0,0.6,0.4,0.2,0.4,0.8,0.0,1.0,1.0,1.0,1.0,1.0,0.0,0,1.0
35,0.0080361627322953,0.5,0.5,0.04,1.0,1.0,0.6,1.0,0.2,0.2,1.0,0.0,0.0,0.0,1.0,0.0,1.0,0.0,0,0.8125
36,0.0090406830738322,1.0,0.75,0.02,0.75,0.8,0.6,0.8,0.2,0.2,1.0,0.0,1.0,0.0,1.0,1.0,1.0,0.0,0,0.9375
37,0.0090406830738322,0.5,0.25,0.02,0.5,0.8,0.6,0.8,0.2,0.6,1.0,0.0,1.0,1.0,0.0,0.0,1.0,0.0,0,0.9375
38,0.0085384229030637,0.75,0.5,0.02,0.5,1.0,0.8,0.4,0.2,0.2,0.6,0.0,1.0,0.0,1.0,1.0,1.0,0.0,0,0.875
39,0.0075339025615268,1.0,0.75,0.04,1.0,0.4,0.4,0.4,0.2,0.2,0.6,1.0,1.0,0.0,1.0,1.0,1.0,0.0,1,0.8125
40,0.0085384229030637,0.5,0.5,0.04,0.5,0.8,0.6,1.0,0.2,0.4,0.8,0.0,0.0,0.0,1.0,1.0,1.0,0.0,0,1.0
41,0.0080361627322953,1.0,0.75,0.02,0.5,0.6,0.8,0.6,0.4,0.6,0.6,1.0,1.0,0.0,1.0,1.0,1.0,0.0,0,0.875
42,0.0095429432446007,0.75,0.75,0.02,0.5,0.8,0.6,1.0,0.6,0.6,1.0,0.0,1.0,0.0,1.0,1.0,1.0,0.0,0,0.5
43,0.0080361627322953,0.25,0.5,0.04,0.25,1.0,0.8,1.0,0.2,0.8,0.4,0.0,0.0,1.0,1.0,1.0,1.0,0.0,0,1.0
44,0.0080361627322953,0.0,0.5,0.04,0.25,0.6,0.4,0.6,0.2,0.4,0.4,0.0,0.0,0.0,1.0,1.0,1.0,0.0,0,1.0
45,0.0080361627322953,0.75,0.5,0.02,0.25,1.0,0.8,0.6,0.2,0.2,1.0,1.0,1.0,0.0,1.0,0.0,1.0,0.0,0,0.875
46,0.0075339025615268,0.75,0.75,0.04,0.25,0.8,0.2,0.6,0.2,0.2,0.8,0.0,0.0,0.0,1.0,0.0,1.0,0.0,0,1.0
47,0.0075339025615268,0.75,1.0,0.02,0.25,0.6,0.8,0.6,0.2,0.4,0.8,1.0,1.0,0.0,1.0,1.0,1.0,0.0,0,0.9375
48,0.0075339025615268,0.5,0.5,0.02,1.0,1.0,0.2,0.4,0.2,0.2,0.6,0.0,1.0,0.0,1.0,1.0,1.0,0.0,1,0.875
49,0.0075339025615268,0.5,0.25,0.06,0.75,1.0,0.4,0.4,0.2,0.2,0.8,0.0,1.0,0.0,1.0,1.0,1.0,0.0,0,1.0
50,0.0085384229030637,0.25,0.25,0.02,0.5,0.8,0.6,0.6,0.2,0.4,0.8,1.0,1.0,0.0,1.0,0.0,1.0,0.0,0,1.0
51,0.0090406830738322,1.0,0.75,0.02,0.5,0.6,0.2,0.6,0.2,0.6,0.4,0.0,1.0,0.0,1.0,1.0,1.0,0.0,0,0.9375
52,0.0080361627322953,0.25,0.25,0.02,0.25,0.6,0.8,0.8,0.6,0.6,0.2,0.0,1.0,1.0,1.0,1.0,1.0,0.0,0,0.875
53,0.0080361627322953,0.25,0.5,0.02,0.75,0.2,0.6,0.4,0.2,0.4,0.8,0.0,1.0,0.0,1.0,1.0,1.0,0.3333333333333333,0,1.0
54,0.0080361627322953,0.5,0.5,0.02,0.5,1.0,0.2,1.0,0.2,0.2,0.8,0.0,1.0,0.0,1.0,0.0,1.0,0.0,0,1.0
55,0.0080361627322953,1.0,0.5,0.04,0.5,1.0,0.6,0.6,0.2,0.2,0.2,0.0,1.0,0.0,1.0,1.0,1.0,0.0,0,0.9375
56,0.0090406830738322,1.0,1.0,0.02,0.5,0.4,0.8,0.8,0.2,0.2,0.8,0.0,1.0,0.0,1.0,1.0,1.0,0.3333333333333333,1,0.9375
57,0.0080361627322953,0.25,0.25,0.08,0.75,0.8,0.8,0.6,0.2,0.2,1.0,0.0,0.0,0.0,1.0,1.0,1.0,0.0,1,0.9375
58,0.0085384229030637,0.5,0.5,0.02,0.25,0.8,1.0,0.6,0.2,0.2,1.0,0.0,1.0,0.0,1.0,1.0,-1.0,0.0,0,0.875
59,0.0085384229030637,0.25,0.25,0.06,0.25,1.0,0.4,0.2,0.2,0.4,0.2,0.0,0.0,0.0,1.0,1.0,1.0,0.3333333333333333,0,1.0
60,0.0085384229030637,0.25,0.75,0.04,0.25,1.0,0.2,0.4,0.6,0.6,1.0,1.0,0.0,1.0,1.0,1.0,1.0,0.0,0,0.9375
61,0.0090406830738322,0.25,0.25,0.04,0.25,0.8,0.8,0.6,0.6,0.8,0.8,1.0,0.0,0.0,1.0,1.0,-1.0,0.3333333333333333,0,1.0
62,0.0085384229030637,1.0,0.75,0.04,0.5,0.4,1.0,1.0,0.2,0.8,1.0,1.0,1.0,1.0,1.0,1.0,1.0,0.0,0,0.75
63,0.0085384229030637,0.5,0.5,0.04,0.25,0.8,0.8,0.8,0.4,0.6,0.8,1.0,1.0,0.0,1.0,1.0,-1.0,0.0,0,0.75
64,0.0085384229030637,0.5,0.25,0.04,0.5,1.0,0.6,0.6,0.2,0.4,0.4,0.0,0.0,1.0,0.0,1.0,1.0,0.0,0,0.84375
65,0.0090406830738322,1.0,0.75,0.04,0.25,0.6,0.4,0.8,0.2,0.8,0.2,0.0,1.0,1.0,1.0,1.0,1.0,0.0,0,0.75
66,0.0080361627322953,1.0,0.75,0.02,0.75,1.0,0.6,1.0,0.2,0.2,0.6,0.0,1.0,0.0,1.0,1.0,1.0,0.0,1,0.9375
67,0.0080361627322953,0.75,0.75,0.04,0.5,0.8,0.8,1.0,0.2,0.2,0.8,0.0,1.0,1.0,1.0,1.0,1.0,0.0,0,1.0
68,0.0095429432446007,0.75,0.5,0.02,0.25,0.8,1.0,0.8,0.2,0.2,0.8,1.0,1.0,0.0,1.0,1.0,-1.0,0.0,0,0.8125
69,0.0085384229030637,1.0,1.0,0.02,0.5,1.0,0.4,1.0,0.2,0.2,1.0,0.0,1.0,0.0,1.0,1.0,1.0,0.0,0,1.0
70,0.0080361627322953,1.0,0.5,0.02,0.5,0.8,0.4,0.6,0.2,0.2,0.6,0.0,1.0,0.0,1.0,1.0,1.0,0.0,0,1.0
71,0.0085384229030637,1.0,1.0,0.04,0.5,0.8,0.6,1.0,0.2,0.4,0.2,0.0,1.0,0.0,1.0,0.0,1.0,0.0,0,1.0
72,0.0085384229030637,0.5,0.75,0.02,0.5,1.0,0.6,0.6,0.2,0.6,0.6,1.0,1.0,1.0,1.0,0.0,1.0,0.0,0,1.0
73,0.0090406830738322,0.5,0.5,0.02,0.75,0.8,0.6,0.6,0.2,0.4,0.4,0.0,1.0,0.0,1.0,1.0,1.0,0.0,0,1.0
74,0.0080361627322953,0.75,0.25,0.04,1.0,0.8,0.6,0.4,0.2,0.2,1.0,1.0,1.0,0.0,1.0,1.0,1.0,0.0,0,0.9375
75,0.0085384229030637,1.0,1.0,0.02,0.25,0.8,0.4,0.2,0.2,0.2,0.8,0.0,1.0,0.0,1.0,1.0,1.0,0.0,1,1.0
76,0.0080361627322953,0.25,0.25,0.02,1.0,0.4,0.4,0.2,0.2,0.2,1.0,0.0,1.0,0.0,1.0,1.0,1.0,0.0,1,1.0
77,0.0090406830738322,1.0,1.0,0.04,0.75,0.8,0.4,0.4,0.4,0.4,1.0,1.0,1.0,1.0,1.0,1.0,1.0,0.0,0,1.0
78,0.0085384229030637,0.75,0.75,0.02,0.25,0.8,0.8,0.6,0.2,0.6,1.0,1.0,1.0,0.0,1.0,1.0,1.0,0.0,0,1.0
79,0.0085384229030637,0.5,1.0,0.02,0.75,0.8,0.8,0.6,0.2,0.2,1.0,0.0,0.0,0.0,1.0,1.0,1.0,0.0,0,1.0
80,0.0080361627322953,0.75,0.5,0.02,0.25,0.6,0.2,0.6,0.2,0.8,0.6,0.0,1.0,0.0,1.0,1.0,1.0,0.0,0,0.9375
81,0.0085384229030637,0.0,0.5,0.04,0.75,0.6,0.6,0.6,0.4,0.6,0.4,0.0,1.0,1.0,1.0,1.0,1.0,0.0,0,1.0
82,0.0085384229030637,0.75,0.75,0.04,1.0,1.0,0.8,1.0,0.6,0.8,1.0,1.0,1.0,0.0,1.0,1.0,1.0,0.3333333333333333,0,1.0
83,0.0080361627322953,1.0,0.5,0.02,0.5,0.8,1.0,0.2,0.2,0.6,1.0,1.0,1.0,1.0,1.0,1.0,1.0,0.0,0,1.0
84,0.0090406830738322,1.0,1.0,0.06,0.25,0.8,0.8,0.6,0.4,0.4,1.0,0.0,0.0,0.0,1.0,1.0,1.0,0.0,0,0.875
85,0.0090406830738322,0.75,0.75,0.02,0.5,0.6,0.4,0.8,0.4,0.8,0.8,1.0,1.0,1.0,1.0,1.0,1.0,0.0,0,0.6875
86,0.0080361627322953,0.5,0.5,0.02,0.25,0.8,0.4,1.0,0.2,0.4,1.0,0.0,1.0,0.0,1.0,1.0,1.0,0.0,0,1.0
87,0.0075339025615268,1.0,0.75,0.02,0.25,0.8,1.0,1.0,0.2,0.6,0.2,0.0,1.0,0.0,1.0,1.0,1.0,0.0,0,0.8125
88,0.0085384229030637,0.25,0.25,0.04,0.25,0.8,0.8,0.8,0.2,0.4,1.0,1.0,1.0,1.0,1.0,1.0,1.0,0.3333333333333333,0,1.0
89,0.0080361627322953,0.25,0.5,0.04,0.5,0.8,0.6,0.6,0.2,0.4,1.0,1.0,0.0,0.0,1.0,1.0,1.0,0.0,0,1.0
90,0.0080361627322953,1.0,0.75,0.02,0.5,0.2,0.6,0.4,0.2,0.2,0.2,0.0,1.0,0.0,1.0,1.0,1.0,0.0,0,0.875
91,0.0085384229030637,0.75,0.5,0.02,0.5,0.8,0.6,0.4,0.4,0.6,0.4,0.0,1.0,0.0,1.0,1.0,1.0,0.0,0,1.0
92,0.0075339025615268,1.0,0.5,0.02,0.75,1.0,0.6,0.6,0.2,0.6,0.2,0.0,1.0,0.0,1.0,1.0,1.0,0.0,0,0.875
93,0.0090406830738322,1.0,1.0,0.02,0.25,0.2,0.8,0.4,0.4,0.4,0.2,1.0,1.0,1.0,1.0,1.0,1.0,0.0,0,1.0
94,0.0080361627322953,1.0,1.0,0.02,0.5,0.8,0.8,1.0,1.0,1.0,1.0,1.0,1.0,0.0,1.0,1.0,1.0,0.0,0,0.875
95,0.0090406830738322,0.5,0.5,0.02,0.5,0.4,0.6,0.6,0.2,0.4,0.8,0.0,0.0,1.0,1.0,1.0,1.0,0.3333333333333333,0,0.90625
96,0.0085384229030637,1.0,1.0,0.02,0.25,1.0,0.4,0.6,0.2,0.4,1.0,1.0,1.0,0.0,1.0,1.0,1.0,0.0,0,0.875
97,0.0075339025615268,0.5,0.25,0.02,0.5,1.0,0.8,0.4,0.2,0.2,1.0,1.0,0.0,0.0,1.0,1.0,1.0,0.0,0,0.875
98,0.0085384229030637,0.5,0.5,0.02,0.5,0.8,0.8,0.4,1.0,1.0,0.8,1.0,1.0,1.0,1.0,0.0,1.0,0.0,0,1.0
99,0.0090406830738322,0.5,0.5,0.04,0.5,0.8,0.6,1.0,0.2,0.2,0.2,0.0,1.0,0.0,1.0,0.0,1.0,0.0,0,0.9375
100,0.0075339025615268,0.75,0.5,0.04,0.5,0.8,0.6,1.0,0.2,0.2,0.4,0.0,1.0,0.0,1.0,1.0,1.0,0.0,1,0.5
101,0.0075339025615268,1.0,0.75,0.02,0.5,0.8,0.6,0.4,0.2,0.2,0.2,0.0,1.0,0.0,0.0,1.0,1.0,0.0,0,1.0
102,0.0090406830738322,0.75,0.5,0.04,0.25,0.4,1.0,1.0,1.0,1.0,1.0,1.0,0.0,0.0,1.0,0.0,1.0,0.0,0,0.75
103,0.0085384229030637,0.5,0.5,0.02,0.5,0.8,0.4,0.4,0.2,0.2,0.6,0.0,1.0,0.0,1.0,1.0,1.0,0.0,0,0.875
104,0.0080361627322953,0.5,0.25,0.02,0.25,0.8,0.8,0.8,0.6,1.0,1.0,1.0,1.0,1.0,1.0,1.0,1.0,0.3333333333333333,0,0.8125
105,0.0090406830738322,0.25,0.25,0.06,0.5,0.6,0.8,0.8,0.4,0.4,1.0,0.0,1.0,0.0,1.0,1.0,1.0,0.6666666666666666,0,0.90625
106,0.0080361627322953,0.5,0.25,0.02,0.5,0.8,0.4,0.6,0.2,0.4,1.0,1.0,1.0,1.0,1.0,1.0,1.0,0.0,0,1.0
107,0.0090406830738322,0.5,0.5,0.02,0.25,0.8,0.6,1.0,0.4,0.8,1.0,0.0,1.0,0.0,1.0,1.0,1.0,0.0,0,0.9375
108,0.0090406830738322,1.0,1.0,0.04,0.75,1.0,0.8,0.8,0.2,0.2,0.2,0.0,0.0,1.0,1.0,1.0,1.0,0.0,0,1.0
109,0.0080361627322953,0.75,0.5,0.02,0.5,0.2,0.4,0.4,0.2,0.4,0.2,0.0,1.0,0.0,1.0,1.0,1.0,0.0,0,0.75
110,0.0095429432446007,0.25,0.25,0.04,0.5,0.8,0.6,0.6,0.2,0.2,0.6,0.0,0.0,0.0,1.0,1.0,1.0,0.3333333333333333,0,0.875
111,0.0080361627322953,1.0,1.0,0.02,0.75,1.0,0.8,1.0,0.2,0.2,0.8,0.0,1.0,1.0,1.0,1.0,1.0,0.0,0,0.9375
112,0.0085384229030637,0.25,0.0,0.04,0.25,1.0,0.6,0.2,0.2,0.2,1.0,0.0,1.0,0.0,1.0,1.0,1.0,0.3333333333333333,1,0.84375
113,0.0085384229030637,0.25,0.25,0.04,0.75,0.8,0.6,0.6,0.2,0.2,0.2,1.0,0.0,0.0,1.0,0.0,1.0,0.0,0,0.9375
114,0.0090406830738322,0.25,0.25,0.08,0.75,0.8,0.6,0.4,0.2,0.4,0.8,0.0,0.0,0.0,1.0,1.0,1.0,0.0,0,0.875
115,0.0075339025615268,0.75,0.75,0.02,0.25,1.0,0.6,0.8,0.8,0.8,0.2,0.0,1.0,1.0,0.0,1.0,1.0,0.0,0,1.0
116,0.0080361627322953,0.5,0.25,0.04,0.25,0.4,0.8,0.6,0.4,0.6,0.8,1.0,1.0,1.0,1.0,1.0,1.0,0.0,0,0.875
117,0.0090406830738322,0.5,0.5,0.04,0.5,0.8,0.2,0.8,0.2,0.6,0.8,0.0,1.0,1.0,0.0,1.0,1.0,0.0,0,0.6875
118,0.0080361627322953,0.75,1.0,0.06,0.5,0.8,0.4,0.2,0.2,0.2,0.4,0.0,0.0,1.0,1.0,0.0,1.0,0.0,0,0.9375
119,0.0075339025615268,1.0,1.0,0.02,0.25,1.0,0.8,0.4,0.2,0.2,1.0,1.0,1.0,0.0,1.0,1.0,1.0,0.0,0,1.0
120,0.0090406830738322,0.25,0.5,0.04,0.5,0.8,0.2,0.2,0.2,0.2,0.8,0.0,1.0,0.0,1.0,1.0,-1.0,0.0,0,1.0
121,0.0090406830738322,0.25,0.75,0.02,0.25,0.8,0.6,0.6,0.4,0.6,0.6,1.0,1.0,1.0,1.0,1.0,-1.0,0.0,0,1.0
122,0.0085384229030637,1.0,0.75,0.02,0.5,0.6,0.4,0.6,0.2,0.4,0.6,0.0,1.0,1.0,1.0,1.0,1.0,0.0,0,1.0
123,0.0095429432446007,0.5,0.25,0.02,0.25,1.0,0.6,0.8,0.2,0.8,0.8,1.0,1.0,0.0,1.0,1.0,1.0,0.0,0,0.6875
124,0.0090406830738322,0.75,0.5,0.02,0.75,0.8,0.6,0.8,0.2,0.4,0.4,0.0,1.0,0.0,1.0,1.0,1.0,0.0,0,0.84375
125,0.0075339025615268,1.0,1.0,0.02,0.5,1.0,0.8,0.4,0.6,0.8,1.0,1.0,1.0,0.0,1.0,0.0,1.0,0.0,0,1.0
126,0.0075339025615268,1.0,0.75,0.02,0.5,0.8,0.8,0.2,0.2,0.2,0.2,1.0,1.0,0.0,1.0,1.0,1.0,0.0,0,1.0
127,0.0075339025615268,1.0,1.0,0.02,0.25,1.0,0.8,0.6,0.4,0.8,1.0,1.0,1.0,1.0,1.0,0.0,1.0,0.0,0,0.75
128,0.0085384229030637,0.75,1.0,0.06,0.5,1.0,0.8,1.0,0.4,0.8,1.0,1.0,0.0,0.0,1.0,1.0,1.0,0.0,0,0.9375
129,0.0080361627322953,0.25,0.25,0.08,0.5,1.0,0.2,0.6,0.2,0.2,0.6,0.0,0.0,0.0,1.0,1.0,1.0,0.0,0,1.0
130,0.0085384229030637,0.75,0.75,0.02,0.75,0.6,0.4,0.6,0.2,0.2,0.8,0.0,1.0,0.0,1.0,0.0,1.0,0.0,0,0.9375
131,0.0080361627322953,1.0,1.0,0.02,0.5,0.8,0.8,0.4,0.2,0.2,0.6,0.0,1.0,0.0,1.0,1.0,1.0,0.0,0,1.0
132,0.0080361627322953,0.5,0.5,0.02,0.25,0.2,0.4,0.4,0.2,0.6,1.0,0.0,1.0,0.0,1.0,0.0,1.0,0.0,0,0.8125
133,0.0080361627322953,1.0,1.0,0.04,0.25,1.0,0.2,0.6,0.2,0.4,1.0,0.0,1.0,1.0,1.0,1.0,1.0,0.0,0,0.96875
134,0.0075339025615268,1.0,0.5,0.02,1.0,0.6,0.6,0.6,0.2,0.2,0.6,1.0,1.0,0.0,1.0,1.0,1.0,0.0,0,1.0
135,0.0090406830738322,0.5,0.25,0.04,0.75,0.8,0.8,0.8,0.2,0.2,0.6,0.0,1.0,0.0,1.0,0.0,1.0,0.0,0,0.6875
136,0.0085384229030637,1.0,1.0,0.04,0.25,0.8,0.4,0.8,0.4,0.6,0.4,0.0,1.0,0.0,1.0,1.0,1.0,0.3333333333333333,0,0.0625
138,0.0095429432446007,1.0,1.0,0.02,0.25,0.6,0.4,1.0,0.8,0.8,1.0,0.0,1.0,0.0,1.0,1.0,1.0,0.3333333333333333,0,0.84375
139,0.0085384229030637,0.5,0.5,0.02,0.5,1.0,0.8,1.0,0.2,0.4,1.0,0.0,1.0,0.0,1.0,0.0,1.0,0.0,0,0.625
140,0.0075339025615268,1.0,1.0,0.02,0.5,0.6,0.4,0.4,0.2,0.2,1.0,1.0,1.0,0.0,1.0,1.0,1.0,0.0,0,0.75
141,0.0090406830738322,1.0,1.0,0.02,0.25,1.0,0.8,1.0,0.2,0.4,1.0,1.0,1.0,1.0,1.0,1.0,1.0,0.0,0,0.90625
142,0.0075339025615268,1.0,1.0,0.08,1.0,0.2,0.6,1.0,0.6,1.0,0.2,1.0,0.0,0.0,1.0,1.0,1.0,0.0,0,0.75
143,0.0085384229030637,0.25,0.25,0.04,0.25,0.6,1.0,1.0,0.4,0.4,0.8,0.0,0.0,0.0,1.0,1.0,-1.0,0.0,0,0.90625
144,0.0090406830738322,0.5,0.5,0.04,0.5,0.6,0.6,0.6,1.0,1.0,0.8,1.0,1.0,0.0,1.0,1.0,1.0,1.0,0,0.71875
145,0.0080361627322953,0.25,0.25,0.04,0.5,0.6,0.8,0.6,0.2,0.2,0.2,0.0,0.0,0.0,1.0,1.0,1.0,1.0,1,1.0
146,0.0085384229030637,0.75,0.5,0.04,0.25,0.8,1.0,0.4,0.2,0.2,0.4,1.0,1.0,0.0,1.0,0.0,-1.0,1.0,0,0.6875
147,0.0085384229030637,0.25,0.25,0.02,0.75,0.8,0.6,0.6,0.2,0.2,0.6,0.0,1.0,1.0,1.0,1.0,1.0,0.0,0,1.0
148,0.0090406830738322,0.25,0.25,0.04,0.5,0.4,0.6,1.0,0.2,0.8,0.6,0.0,1.0,1.0,1.0,1.0,1.0,0.0,1,0.75
149,0.0090406830738322,1.0,0.5,0.02,0.5,0.8,0.4,0.4,0.2,0.2,0.6,0.0,1.0,1.0,1.0,1.0,1.0,0.0,0,1.0
150,0.0080361627322953,1.0,1.0,0.02,0.75,1.0,0.6,0.4,0.2,0.2,1.0,0.0,1.0,0.0,1.0,0.0,1.0,0.0,0,0.875
151,0.0080361627322953,1.0,1.0,0.02,0.25,0.6,0.8,0.8,0.2,0.8,1.0,1.0,1.0,0.0,1.0,1.0,1.0,0.0,0,0.875
152,0.0075339025615268,0.25,0.25,0.04,0.25,0.8,0.8,0.6,0.2,0.4,0.4,0.0,0.0,1.0,1.0,1.0,1.0,0.3333333333333333,0,0.875
153,0.0080361627322953,0.5,0.5,0.08,0.75,1.0,0.2,0.6,0.4,0.4,0.6,1.0,1.0,1.0,1.0,1.0,1.0,0.0,0,1.0
154,0.0085384229030637,0.25,0.25,0.02,0.5,0.8,0.6,0.4,0.2,0.2,0.8,0.0,1.0,0.0,1.0,0.0,1.0,0.0,1,0.6875
155,0.0090406830738322,0.5,0.75,0.02,0.75,0.8,0.6,0.6,0.2,0.4,0.6,0.0,1.0,0.0,1.0,1.0,1.0,0.0,0,1.0
156,0.0085384229030637,0.5,0.5,0.02,0.25,0.6,0.2,0.4,0.2,0.2,0.2,0.0,1.0,1.0,0.0,0.0,-1.0,0.3333333333333333,0,0.75
157,0.0085384229030637,0.25,0.25,0.02,0.5,0.8,1.0,1.0,0.2,0.4,0.6,0.0,1.0,0.0,0.0,1.0,1.0,0.0,0,0.9375
158,0.0085384229030637,0.5,1.0,0.02,0.5,1.0,0.8,0.4,0.4,0.6,1.0,0.0,1.0,0.0,1.0,1.0,1.0,0.0,0,1.0
159,0.0085384229030637,0.75,0.75,0.02,0.5,0.8,0.6,0.8,0.2,0.8,0.8,1.0,1.0,0.0,1.0,0.0,1.0,0.0,0,0.875
160,0.0095429432446007,0.5,0.5,0.02,0.5,0.8,0.6,0.6,0.2,0.2,1.0,0.0,1.0,0.0,1.0,1.0,1.0,0.0,0,1.0
161,0.0095429432446007,0.5,0.75,0.02,0.75,1.0,0.8,0.4,0.2,0.4,1.0,0.0,0.0,0.0,1.0,0.0,1.0,0.3333333333333333,0,0.875
162,0.0080361627322953,0.25,0.5,0.02,0.25,0.6,0.6,0.6,0.2,0.4,0.6,1.0,1.0,0.0,1.0,1.0,1.0,0.0,0,1.0
163,0.0075339025615268,0.75,0.75,0.02,0.5,1.0,0.6,0.4,0.2,0.2,0.4,1.0,1.0,1.0,1.0,0.0,1.0,0.0,0,1.0
164,0.0085384229030637,1.0,0.5,0.02,0.5,0.8,0.6,0.4,0.2,0.2,0.8,0.0,1.0,1.0,0.0,1.0,1.0,0.0,0,0.875
165,0.0085384229030637,1.0,1.0,0.04,0.75,1.0,0.6,0.8,0.2,0.2,1.0,0.0,0.0,0.0,1.0,1.0,1.0,0.0,0,1.0
166,0.0085384229030637,0.25,0.25,0.02,0.5,1.0,0.6,0.6,0.2,0.2,0.6,0.0,1.0,0.0,1.0,0.0,1.0,0.0,0,0.9375
167,0.0080361627322953,0.0,0.5,0.02,0.25,0.8,0.6,0.4,0.4,0.8,1.0,1.0,1.0,0.0,1.0,0.0,1.0,0.0,0,1.0
168,0.0095429432446007,0.5,0.25,0.04,0.25,0.8,0.8,0.6,0.2,0.6,1.0,1.0,1.0,0.0,1.0,0.0,-1.0,1.0,0,0.875
169,0.0090406830738322,0.5,0.5,0.02,0.75,0.8,0.6,0.6,0.2,0.2,0.6,0.0,1.0,0.0,1.0,1.0,1.0,0.0,0,1.0
170,0.0085384229030637,0.25,0.5,0.02,0.25,1.0,1.0,1.0,1.0,1.0,0.6,1.0,0.0,1.0,1.0,1.0,1.0,0.0,0,0.875
171,0.0085384229030637,0.5,0.5,0.02,0.25,0.6,0.8,0.8,0.2,0.6,1.0,0.0,1.0,1.0,1.0,1.0,1.0,0.0,0,0.9375
172,0.0085384229030637,0.75,0.5,0.02,1.0,1.0,0.4,0.4,0.2,0.4,1.0,0.0,1.0,0.0,1.0,0.0,1.0,0.0,0,1.0
173,0.0085384229030637,0.75,0.25,0.02,0.75,0.6,0.8,0.6,0.4,0.6,1.0,0.0,1.0,0.0,1.0,0.0,1.0,0.0,0,1.0
174,0.0080361627322953,0.75,0.25,0.02,0.25,0.6,0.2,0.6,0.2,0.6,0.2,0.0,1.0,0.0,1.0,1.0,1.0,0.0,0,1.0
175,0.0095429432446007,0.25,0.25,0.02,0.75,1.0,0.6,0.2,0.2,0.2,0.6,0.0,1.0,0.0,1.0,1.0,-1.0,0.3333333333333333,0,0.8125
176,0.0080361627322953,0.5,0.5,0.06,0.5,1.0,0.6,0.8,0.2,0.2,0.4,0.0,0.0,0.0,1.0,1.0,1.0,0.0,0,0.96875
177,0.0085384229030637,1.0,1.0,0.04,0.75,0.8,0.6,0.6,0.2,0.4,0.8,0.0,1.0,0.0,1.0,0.0,1.0,0.0,0,0.875
178,0.0085384229030637,0.5,0.5,0.02,0.5,0.6,0.6,0.2,0.2,0.4,0.8,0.0,1.0,0.0,0.0,1.0,1.0,0.0,0,0.4375
179,0.0085384229030637,1.0,0.5,0.02,1.0,0.8,0.4,0.6,0.2,0.2,0.8,0.0,1.0,1.0,1.0,1.0,1.0,0.0,0,0.9375
180,0.0085384229030637,0.5,0.25,0.06,0.5,0.4,0.2,0.2,0.2,0.2,0.6,0.0,0.0,0.0,1.0,1.0,1.0,0.0,0,0.9375
181,0.0080361627322953,1.0,1.0,0.02,0.25,1.0,0.6,0.8,0.2,0.4,0.2,0.0,1.0,0.0,1.0,0.0,1.0,0.0,0,0.875
182,0.0090406830738322,1.0,1.0,0.04,0.5,0.8,0.6,0.8,0.2,0.2,0.6,0.0,1.0,0.0,0.0,1.0,1.0,0.0,1,0.875
183,0.0075339025615268,1.0,1.0,0.02,0.5,0.8,0.8,0.8,0.2,0.2,0.6,0.0,1.0,0.0,1.0,0.0,1.0,0.0,1,0.9375
184,0.0085384229030637,0.5,0.5,0.06,0.75,0.8,0.4,0.6,0.2,0.2,0.2,0.0,1.0,0.0,1.0,1.0,1.0,0.0,0,0.75
185,0.0080361627322953,0.25,0.25,0.04,0.25,0.8,0.6,0.4,0.2,0.8,1.0,0.0,1.0,0.0,1.0,1.0,1.0,0.0,0,0.9375
186,0.0085384229030637,1.0,0.75,0.02,0.5,1.0,0.4,0.6,0.2,0.2,0.4,1.0,1.0,0.0,1.0,1.0,1.0,0.0,0,0.875
187,0.0085384229030637,0.5,0.75,0.04,0.25,1.0,1.0,1.0,0.2,0.6,0.6,0.0,0.0,0.0,1.0,1.0,1.0,0.0,0,0.9375
188,0.0075339025615268,1.0,0.5,0.02,0.25,0.6,1.0,0.4,0.2,0.2,0.6,1.0,1.0,1.0,1.0,1.0,1.0,0.0,0,0.6875
189,0.0080361627322953,0.75,0.25,0.02,0.5,0.6,0.6,0.6,0.4,0.6,0.4,0.0,1.0,1.0,1.0,1.0,1.0,0.0,1,1.0
190,0.0095429432446007,0.25,0.25,0.02,0.5,0.8,0.8,0.6,0.6,0.8,0.8,1.0,1.0,0.0,1.0,1.0,-1.0,0.6666666666666666,0,0.9375
191,0.0080361627322953,0.25,0.25,0.02,0.25,0.8,0.8,0.8,0.4,0.4,0.8,0.0,0.0,1.0,1.0,1.0,1.0,0.0,0,0.9375
192,0.0090406830738322,0.25,1.0,0.02,0.5,0.6,0.8,0.8,0.2,0.4,1.0,0.0,1.0,0.0,1.0,0.0,1.0,0.0,1,0.9375
193,0.0080361627322953,1.0,0.75,0.02,0.75,0.6,0.8,0.8,0.4,0.8,0.8,0.0,1.0,0.0,1.0,1.0,1.0,0.0,1,1.0
194,0.0080361627322953,0.25,0.5,0.02,0.75,0.8,0.8,0.6,0.2,0.2,1.0,1.0,1.0,0.0,0.0,1.0,1.0,0.0,1,1.0
195,0.0090406830738322,0.5,0.5,0.04,0.5,0.2,0.6,0.2,0.2,0.2,0.4,0.0,1.0,0.0,1.0,0.0,1.0,0.0,0,0.875
197,0.0090406830738322,0.75,0.5,0.02,0.75,0.8,0.6,0.6,1.0,0.2,1.0,0.0,1.0,0.0,0.0,0.0,1.0,0.0,0,0.6875
198,0.0080361627322953,1.0,1.0,0.02,0.5,0.4,0.8,0.8,0.4,0.6,0.8,0.0,0.0,0.0,1.0,1.0,1.0,0.0,0,1.0
199,0.0075339025615268,1.0,0.5,0.04,0.25,1.0,1.0,1.0,0.6,0.8,1.0,1.0,1.0,1.0,0.0,1.0,1.0,0.0,0,0.875
200,0.0090406830738322,0.5,0.25,0.02,0.5,1.0,0.4,0.8,0.2,0.4,0.8,1.0,1.0,0.0,1.0,1.0,1.0,0.0,0,0.9375
201,0.0090406830738322,0.75,0.75,0.02,0.5,1.0,0.6,0.8,0.2,0.2,0.8,0.0,1.0,0.0,1.0,1.0,1.0,0.0,0,0.75
202,0.0085384229030637,0.5,0.25,0.02,0.5,0.8,0.4,0.6,0.4,0.4,0.4,0.0,1.0,1.0,1.0,1.0,1.0,0.0,0,0.9375
203,0.0075339025615268,1.0,1.0,0.02,0.5,0.6,0.6,0.6,0.2,0.4,0.4,0.0,1.0,0.0,1.0,1.0,1.0,0.0,0,0.9375
204,0.0085384229030637,1.0,0.5,0.02,0.75,0.8,0.6,0.8,0.2,0.6,1.0,0.0,0.0,0.0,1.0,1.0,1.0,0.0,0,0.9375
205,0.0075339025615268,0.5,0.75,0.02,0.5,0.8,0.8,0.8,0.2,0.2,0.2,1.0,0.0,0.0,1.0,1.0,1.0,0.0,1,1.0
206,0.0085384229030637,1.0,0.25,0.02,0.25,0.6,0.4,0.4,0.2,0.2,1.0,0.0,1.0,0.0,1.0,1.0,1.0,0.0,0,1.0
207,0.0075339025615268,1.0,0.75,0.04,0.5,1.0,0.8,0.6,0.2,0.4,0.6,1.0,1.0,0.0,1.0,1.0,1.0,0.0,0,1.0
208,0.0090406830738322,0.25,0.25,0.02,0.5,0.8,0.6,0.4,0.2,0.2,1.0,0.0,0.0,0.0,1.0,1.0,1.0,0.3333333333333333,0,0.71875
209,0.0080361627322953,1.0,0.75,0.02,0.25,0.6,0.2,0.6,0.2,0.6,1.0,1.0,1.0,1.0,1.0,1.0,1.0,0.0,0,0.8125
210,0.0085384229030637,1.0,1.0,0.04,0.5,0.8,0.2,0.8,0.2,0.2,0.2,0.0,1.0,0.0,0.0,1.0,1.0,0.0,1,0.9375
211,0.0080361627322953,0.5,0.75,0.02,0.5,0.4,0.6,0.2,0.2,0.2,0.6,0.0,1.0,0.0,1.0,1.0,1.0,0.0,1,1.0
212,0.0075339025615268,1.0,0.5,0.02,0.75,0.6,0.4,0.4,0.2,0.2,1.0,0.0,1.0,0.0,1.0,1.0,1.0,0.0,0,1.0
213,0.0090406830738322,0.5,0.25,0.02,0.5,1.0,0.8,1.0,0.2,0.6,1.0,0.0,1.0,0.0,1.0,1.0,-1.0,1.0,0,0.6875
214,0.0080361627322953,0.5,0.5,0.04,0.5,0.6,0.6,0.6,0.2,0.4,0.6,0.0,1.0,1.0,1.0,0.0,1.0,0.0,0,0.5
215,0.0080361627322953,0.25,0.25,0.04,0.25,0.8,0.4,0.4,0.8,0.6,0.4,0.0,0.0,0.0,1.0,1.0,1.0,0.0,0,1.0
216,0.0080361627322953,1.0,1.0,0.02,0.25,1.0,0.6,0.4,0.2,0.4,1.0,1.0,1.0,0.0,1.0,1.0,1.0,0.0,0,0.875
217,0.0075339025615268,0.5,0.5,0.04,0.5,1.0,0.6,0.6,0.2,0.6,0.8,1.0,1.0,1.0,1.0,1.0,1.0,0.0,0,0.9375
218,0.0090406830738322,1.0,1.0,0.02,0.75,0.8,0.6,0.6,0.4,0.4,0.6,1.0,1.0,0.0,1.0,1.0,1.0,0.0,0,1.0
219,0.0085384229030637,1.0,1.0,0.02,0.5,1.0,0.6,0.2,0.2,0.8,1.0,0.0,1.0,0.0,1.0,1.0,1.0,0.0,0,0.9375
220,0.0080361627322953,1.0,0.75,0.02,0.25,1.0,0.8,1.0,0.2,0.2,0.6,1.0,1.0,1.0,1.0,0.0,1.0,0.0,0,0.78125
221,0.0075339025615268,0.75,0.5,0.02,0.5,0.8,0.8,0.8,0.2,0.2,1.0,0.0,1.0,1.0,1.0,1.0,1.0,0.0,0,0.875
222,0.0085384229030637,0.75,0.75,0.02,0.25,0.8,0.2,0.8,1.0,1.0,0.6,1.0,1.0,0.0,1.0,1.0,1.0,0.0,0,0.75
223,0.0075339025615268,1.0,0.5,0.02,0.5,0.8,0.6,0.6,0.4,0.4,1.0,1.0,1.0,0.0,1.0,1.0,1.0,0.0,0,0.875
224,0.0090406830738322,0.75,0.75,0.02,0.5,0.8,0.2,0.6,0.2,0.4,0.2,0.0,1.0,0.0,1.0,1.0,1.0,0.0,0,0.96875
225,0.0080361627322953,0.5,0.25,0.02,0.25,1.0,0.8,0.6,0.2,0.2,1.0,0.0,0.0,1.0,1.0,1.0,1.0,0.0,0,0.9375
226,0.0090406830738322,0.25,0.25,0.04,0.5,0.2,0.2,0.2,0.2,0.2,1.0,0.0,1.0,0.0,1.0,1.0,1.0,0.0,0,0.8125
227,0.0080361627322953,0.5,0.5,0.02,0.5,1.0,0.8,0.6,0.2,0.2,0.2,0.0,0.0,1.0,1.0,1.0,1.0,0.0,0,1.0
228,0.0075339025615268,0.75,1.0,0.08,0.5,1.0,0.6,0.6,0.2,0.2,1.0,1.0,0.0,0.0,1.0,1.0,1.0,0.0,0,0.9375
229,0.0075339025615268,0.5,0.25,0.02,0.25,0.8,0.6,0.6,0.2,0.4,1.0,1.0,1.0,1.0,0.0,1.0,1.0,0.0,0,0.65625
230,0.0090406830738322,0.25,0.25,0.04,0.5,0.8,0.8,0.6,0.2,0.2,0.6,0.0,1.0,1.0,1.0,0.0,1.0,0.0,0,0.9375
232,0.0085384229030637,0.5,0.25,0.04,0.25,0.6,0.6,0.4,0.4,0.4,1.0,1.0,0.0,1.0,1.0,1.0,-1.0,0.3333333333333333,0,0.75
233,0.0080361627322953,0.25,0.5,0.02,0.5,0.8,0.8,0.6,0.2,0.2,0.2,0.0,1.0,1.0,1.0,1.0,1.0,0.0,1,1.0
234,0.0090406830738322,1.0,1.0,0.04,0.5,0.8,0.6,0.8,0.2,0.4,0.8,0.0,0.0,0.0,1.0,1.0,1.0,0.0,0,0.75
235,0.0080361627322953,0.5,0.5,0.04,0.25,1.0,0.8,0.6,0.4,0.8,0.8,1.0,0.0,0.0,1.0,1.0,1.0,0.0,0,0.8125
236,0.0085384229030637,1.0,1.0,0.06,0.25,0.6,0.6,0.6,0.2,0.6,1.0,1.0,0.0,0.0,1.0,1.0,1.0,1.0,0,0.9375
237,0.0080361627322953,1.0,0.75,0.02,1.0,0.8,0.4,0.4,0.2,0.2,0.4,1.0,1.0,0.0,1.0,1.0,1.0,0.0,0,0.9375
238,0.0090406830738322,0.5,0.5,0.02,0.5,0.8,0.8,0.8,0.2,0.6,0.6,1.0,1.0,1.0,1.0,0.0,-1.0,0.0,0,0.65625
239,0.0080361627322953,1.0,0.25,0.02,0.25,0.8,0.2,0.4,0.4,0.2,0.4,1.0,0.0,1.0,1.0,1.0,1.0,0.0,0,1.0
240,0.0075339025615268,0.5,0.25,0.02,0.5,0.8,0.8,0.4,0.6,0.6,0.4,0.0,1.0,0.0,1.0,0.0,1.0,0.0,1,1.0
241,0.0080361627322953,0.75,0.75,0.06,0.25,0.6,0.6,0.8,0.6,1.0,0.6,1.0,0.0,1.0,1.0,1.0,1.0,0.0,0,0.5
242,0.0085384229030637,1.0,0.75,0.02,0.5,0.6,0.8,1.0,0.4,0.8,0.2,0.0,1.0,0.0,1.0,1.0,1.0,0.0,0,0.5
243,0.0080361627322953,1.0,1.0,0.04,0.75,1.0,0.6,1.0,0.2,0.8,1.0,0.0,1.0,0.0,1.0,1.0,1.0,0.0,0,0.96875
244,0.0090406830738322,0.75,0.25,0.02,0.5,0.8,0.6,0.8,0.2,0.2,0.2,0.0,1.0,1.0,1.0,1.0,1.0,0.0,0,0.875
245,0.0095429432446007,0.25,0.25,0.02,0.25,0.2,0.8,0.8,0.2,0.2,1.0,0.0,1.0,1.0,0.0,1.0,-1.0,0.0,0,1.0
246,0.0085384229030637,0.5,0.5,0.04,0.5,1.0,0.2,0.6,0.2,0.2,1.0,0.0,0.0,0.0,1.0,1.0,1.0,0.0,1,1.0
247,0.0085384229030637,0.5,1.0,0.04,0.5,0.8,0.6,0.6,0.2,0.2,0.2,0.0,1.0,0.0,1.0,1.0,1.0,0.0,0,0.8125
248,0.0075339025615268,1.0,0.5,0.02,0.5,0.8,0.6,0.6,0.2,0.2,1.0,0.0,1.0,1.0,1.0,1.0,1.0,0.0,0,1.0
249,0.0090406830738322,1.0,0.5,0.02,0.5,1.0,0.8,1.0,0.2,0.6,1.0,1.0,1.0,0.0,1.0,1.0,1.0,0.0,0,0.875
250,0.0090406830738322,0.25,0.5,0.02,0.5,0.8,0.6,0.6,0.2,0.2,1.0,0.0,1.0,0.0,0.0,1.0,1.0,0.6666666666666666,0,0.9375
251,0.0090406830738322,0.75,0.75,0.02,0.5,1.0,0.6,0.8,0.2,0.2,1.0,0.0,1.0,0.0,1.0,1.0,1.0,0.0,0,1.0
252,0.0090406830738322,1.0,1.0,0.02,0.5,0.8,0.6,0.6,0.4,0.4,0.4,1.0,1.0,0.0,1.0,1.0,1.0,0.0,0,1.0
253,0.0085384229030637,0.25,0.25,0.02,0.75,0.8,0.6,0.8,0.2,0.2,1.0,0.0,1.0,0.0,1.0,1.0,1.0,0.0,0,0.625
254,0.0080361627322953,1.0,0.5,0.02,0.5,0.8,0.4,0.6,0.2,0.2,1.0,0.0,1.0,0.0,1.0,1.0,1.0,0.0,0,0.9375
255,0.0085384229030637,0.75,0.5,0.02,0.25,0.8,0.8,0.8,0.6,0.8,0.6,1.0,1.0,1.0,0.0,1.0,1.0,0.0,0,0.4375
256,0.0090406830738322,0.5,0.25,0.04,0.5,1.0,0.6,0.6,0.2,0.4,0.2,0.0,1.0,0.0,1.0,1.0,1.0,0.0,0,0.9375
258,0.0090406830738322,0.25,0.25,0.04,0.5,1.0,0.8,0.8,0.2,0.2,0.8,0.0,1.0,0.0,1.0,1.0,1.0,0.0,1,1.0
259,0.0085384229030637,0.5,0.5,0.06,1.0,0.2,0.6,1.0,0.6,1.0,0.6,1.0,0.0,1.0,1.0,1.0,1.0,0.3333333333333333,0,0.9375
260,0.0075339025615268,0.75,0.75,0.04,0.25,0.8,0.6,0.6,0.4,0.8,0.6,1.0,1.0,0.0,1.0,0.0,1.0,0.0,0,0.65625
261,0.0085384229030637,0.75,0.5,0.04,0.5,0.2,0.4,0.6,0.2,0.4,1.0,0.0,1.0,1.0,0.0,1.0,1.0,0.0,0,1.0
263,0.0075339025615268,0.75,0.75,0.02,0.5,0.2,0.6,0.4,0.4,0.6,0.2,0.0,1.0,0.0,0.0,0.0,1.0,0.0,0,0.25
264,0.0080361627322953,0.5,0.5,0.04,0.5,0.8,0.8,0.8,0.2,0.2,1.0,0.0,0.0,0.0,1.0,1.0,1.0,0.0,0,1.0
265,0.0085384229030637,0.75,0.25,0.04,1.0,0.6,0.2,0.4,0.2,0.2,0.6,0.0,0.0,1.0,1.0,1.0,1.0,0.0,0,1.0
266,0.0080361627322953,0.5,0.5,0.04,0.5,0.8,0.8,0.4,0.2,0.2,0.6,1.0,1.0,0.0,1.0,0.0,1.0,0.0,0,0.8125
267,0.0075339025615268,1.0,1.0,0.02,0.25,1.0,0.6,0.6,0.2,0.2,1.0,1.0,1.0,0.0,1.0,0.0,1.0,0.0,0,0.9375
268,0.0085384229030637,0.25,0.25,0.02,0.5,1.0,0.6,0.6,0.2,0.2,0.6,0.0,1.0,0.0,1.0,1.0,1.0,0.0,0,1.0
269,0.0080361627322953,0.5,0.5,0.02,0.75,0.8,0.6,0.6,0.4,0.4,1.0,0.0,0.0,1.0,1.0,0.0,1.0,0.0,0,0.9375
270,0.0090406830738322,0.25,0.25,0.06,0.5,0.8,0.8,0.4,0.2,0.4,0.4,0.0,1.0,0.0,1.0,1.0,-1.0,0.3333333333333333,0,0.9375
271,0.0090406830738322,0.5,0.25,0.02,0.5,0.8,0.4,1.0,0.2,0.4,0.2,0.0,1.0,0.0,1.0,1.0,1.0,0.0,0,0.75
272,0.0090406830738322,0.5,0.5,0.04,0.75,1.0,0.6,0.6,0.2,0.6,0.8,0.0,0.0,0.0,1.0,1.0,1.0,0.0,0,1.0
273,0.0075339025615268,1.0,0.75,0.02,0.75,1.0,0.8,0.6,0.2,0.2,0.8,1.0,1.0,1.0,1.0,1.0,1.0,0.0,0,1.0
274,0.0090406830738322,0.25,0.25,0.04,0.25,0.6,0.6,0.4,0.2,0.4,0.6,1.0,1.0,1.0,1.0,0.0,1.0,0.0,0,0.9375
275,0.0090406830738322,0.5,0.25,0.02,0.25,0.6,0.4,1.0,0.4,1.0,1.0,1.0,1.0,0.0,1.0,0.0,-1.0,0.6666666666666666,0,0.875
276,0.0085384229030637,1.0,0.75,0.02,0.5,1.0,0.4,0.4,0.2,0.4,1.0,0.0,1.0,0.0,0.0,1.0,1.0,0.0,0,0.5625
277,0.0080361627322953,1.0,1.0,0.02,0.25,0.8,0.8,0.8,0.2,0.4,0.4,0.0,1.0,0.0,1.0,1.0,1.0,0.0,0,0.8125
278,0.0090406830738322,0.25,0.25,0.04,1.0,1.0,0.4,0.4,0.2,0.2,0.6,0.0,0.0,1.0,1.0,1.0,1.0,0.0,0,0.9375
279,0.0080361627322953,1.0,1.0,0.02,0.75,1.0,0.6,0.6,0.2,0.6,1.0,1.0,1.0,0.0,1.0,1.0,1.0,0.0,0,1.0
280,0.0085384229030637,0.25,0.25,0.02,0.5,0.8,0.6,0.8,0.2,0.4,1.0,0.0,1.0,0.0,1.0,1.0,1.0,0.0,0,0.875
281,0.0085384229030637,1.0,0.75,0.04,0.5,0.8,0.8,0.8,0.8,0.8,0.8,1.0,1.0,1.0,1.0,1.0,1.0,0.0,0,1.0
282,0.0080361627322953,1.0,0.75,0.02,0.25,0.8,0.4,1.0,0.2,1.0,1.0,1.0,1.0,1.0,1.0,1.0,1.0,0.0,0,0.75
283,0.0075339025615268,0.25,0.25,0.02,0.5,0.8,0.6,0.4,0.4,0.6,0.8,0.0,1.0,0.0,1.0,0.0,1.0,0.0,0,0.9375
284,0.0085384229030637,0.5,0.5,0.04,0.5,1.0,0.6,0.4,0.2,0.2,0.2,0.0,0.0,0.0,1.0,1.0,1.0,0.0,0,1.0
285,0.0080361627322953,0.75,0.25,0.02,1.0,0.8,0.6,0.6,0.2,0.4,1.0,0.0,1.0,0.0,1.0,1.0,1.0,0.0,1,1.0
286,0.0085384229030637,0.5,0.5,0.04,0.25,1.0,1.0,1.0,0.6,1.0,1.0,1.0,0.0,0.0,1.0,1.0,-1.0,0.0,0,1.0
288,0.0080361627322953,0.25,0.25,0.02,0.5,0.8,0.8,0.8,0.2,0.6,1.0,1.0,1.0,1.0,1.0,1.0,1.0,0.6666666666666666,0,1.0
289,0.0085384229030637,0.5,0.5,0.04,0.25,1.0,0.4,0.4,0.2,0.2,0.8,1.0,0.0,0.0,1.0,0.0,-1.0,0.0,0,1.0
290,0.0090406830738322,0.5,0.25,0.04,0.5,0.8,0.6,0.2,0.2,0.2,1.0,0.0,1.0,0.0,1.0,1.0,1.0,0.0,0,0.6875
291,0.0085384229030637,0.25,0.25,0.04,0.25,0.8,0.8,1.0,0.2,0.4,1.0,0.0,0.0,0.0,1.0,0.0,1.0,0.0,0,1.0
292,0.0090406830738322,0.75,1.0,0.02,0.5,0.8,0.6,0.6,0.2,0.6,1.0,1.0,1.0,1.0,1.0,1.0,1.0,0.0,0,0.8125
293,0.0080361627322953,0.25,0.25,0.04,0.5,0.6,0.8,0.4,0.2,0.2,1.0,1.0,1.0,1.0,1.0,1.0,1.0,0.0,0,0.9375
294,0.0090406830738322,0.75,0.5,0.02,0.75,1.0,0.8,0.6,0.4,0.6,0.2,0.0,1.0,0.0,1.0,1.0,1.0,0.0,0,0.875
295,0.0090406830738322,0.25,0.25,0.04,0.75,0.8,1.0,1.0,0.2,0.4,0.4,0.0,1.0,0.0,1.0,1.0,1.0,0.0,0,1.0
296,0.0090406830738322,1.0,0.75,0.02,0.5,0.8,0.6,0.4,0.2,0.2,0.6,1.0,1.0,0.0,1.0,0.0,1.0,0.0,0,0.9375
297,0.0080361627322953,0.5,0.5,0.02,0.5,0.6,0.6,0.8,0.2,0.2,0.8,0.0,1.0,0.0,0.0,1.0,1.0,0.0,1,1.0
298,0.0085384229030637,0.25,0.25,0.04,0.75,0.6,0.4,0.4,0.2,0.6,0.6,0.0,0.0,0.0,1.0,1.0,1.0,0.0,0,0.75
299,0.0080361627322953,1.0,1.0,0.04,0.75,0.8,0.4,0.4,0.2,0.2,0.8,0.0,0.0,0.0,1.0,1.0,1.0,0.0,0,0.8125
300,0.0085384229030637,0.25,0.25,0.06,0.25,0.8,0.4,0.6,0.6,0.8,0.8,1.0,0.0,0.0,1.0,0.0,-1.0,0.0,0,0.875
301,0.0080361627322953,0.75,1.0,0.02,0.25,0.6,0.4,0.2,0.2,0.8,1.0,0.0,1.0,0.0,0.0,1.0,1.0,0.0,0,0.625
302,0.0085384229030637,0.25,0.75,0.06,0.5,1.0,0.4,0.8,0.2,0.8,1.0,1.0,0.0,0.0,1.0,1.0,1.0,0.3333333333333333,0,0.5625
304,0.0075339025615268,0.5,0.5,0.02,0.25,1.0,0.8,0.2,0.2,0.2,0.2,1.0,1.0,0.0,1.0,1.0,1.0,0.0,1,1.0
305,0.0085384229030637,0.25,0.25,0.06,0.5,1.0,0.2,0.6,0.6,0.6,0.2,1.0,1.0,0.0,1.0,1.0,1.0,0.0,0,1.0
306,0.0085384229030637,0.5,0.5,0.02,0.75,0.6,0.8,0.6,0.2,0.2,0.6,0.0,1.0,0.0,1.0,1.0,1.0,0.0,0,0.75
307,0.0080361627322953,0.25,0.25,0.04,0.25,0.6,0.6,0.6,0.2,0.4,0.2,0.0,0.0,0.0,1.0,1.0,1.0,0.0,0,0.75
308,0.0090406830738322,0.25,0.5,0.06,0.5,0.8,0.6,0.8,0.2,0.8,1.0,0.0,0.0,1.0,0.0,1.0,1.0,0.0,0,1.0
309,0.0080361627322953,0.75,0.25,0.02,0.5,0.4,0.6,0.6,0.2,0.4,0.8,0.0,1.0,0.0,0.0,1.0,1.0,0.0,0,0.9375
310,0.0085384229030637,1.0,1.0,0.02,0.5,0.8,0.8,0.8,0.2,0.6,1.0,1.0,1.0,1.0,1.0,1.0,1.0,0.0,0,1.0
311,0.0090406830738322,0.75,0.25,0.02,0.5,1.0,0.6,0.6,0.2,0.2,0.8,0.0,0.0,0.0,1.0,1.0,1.0,0.0,0,0.875
312,0.0085384229030637,0.25,0.0,0.04,0.5,0.8,0.8,1.0,0.2,0.2,0.8,0.0,1.0,0.0,0.0,1.0,1.0,0.0,0,0.96875
313,0.0090406830738322,0.5,0.5,0.02,0.5,1.0,1.0,0.8,0.6,1.0,0.4,1.0,1.0,0.0,1.0,1.0,-1.0,0.0,0,0.5
314,0.0075339025615268,0.5,0.5,0.02,0.25,0.8,0.4,0.4,0.2,0.4,1.0,1.0,1.0,0.0,1.0,1.0,1.0,0.0,0,0.75
315,0.0080361627322953,1.0,1.0,0.02,0.5,0.8,0.2,0.6,0.6,1.0,1.0,1.0,1.0,1.0,0.0,1.0,1.0,0.0,0,0.8125
316,0.0085384229030637,0.75,0.75,0.04,0.25,0.8,0.8,0.6,0.2,0.2,0.8,0.0,1.0,0.0,1.0,1.0,1.0,0.0,0,1.0
317,0.0090406830738322,0.5,0.75,0.02,0.25,0.6,0.2,0.6,0.8,1.0,0.8,1.0,0.0,0.0,1.0,1.0,1.0,0.0,0,0.59375
318,0.0090406830738322,0.5,0.25,0.02,0.75,0.8,0.4,0.8,0.2,0.6,0.4,1.0,1.0,0.0,1.0,1.0,1.0,0.0,0,1.0
320,0.0085384229030637,0.25,0.25,0.02,0.25,0.8,0.6,0.4,0.2,0.4,1.0,0.0,1.0,0.0,1.0,1.0,1.0,0.0,0,0.71875
321,0.0095429432446007,0.25,0.25,0.04,0.5,0.6,1.0,0.8,0.2,0.8,0.2,0.0,0.0,0.0,0.0,1.0,-1.0,1.0,0,1.0
322,0.0085384229030637,0.5,0.75,0.04,0.25,0.6,0.6,0.6,0.2,0.8,0.6,0.0,1.0,0.0,1.0,1.0,1.0,0.0,0,0.875
323,0.0090406830738322,0.75,0.25,0.04,0.25,0.6,0.6,0.8,0.8,1.0,0.8,1.0,1.0,1.0,1.0,1.0,1.0,0.0,0,0.9375
324,0.0075339025615268,0.5,0.5,0.02,1.0,1.0,1.0,0.8,0.2,0.4,1.0,1.0,1.0,0.0,1.0,1.0,1.0,0.0,0,0.8125
325,0.0075339025615268,0.5,0.5,0.04,0.5,0.8,0.2,0.6,0.2,0.6,0.8,0.0,0.0,1.0,1.0,1.0,1.0,0.0,1,1.0
326,0.0085384229030637,1.0,1.0,0.02,0.25,0.8,0.4,0.2,0.2,0.4,1.0,1.0,1.0,0.0,1.0,0.0,1.0,0.0,0,0.8125
327,0.0080361627322953,0.25,0.75,0.02,0.5,0.8,0.6,1.0,0.2,0.2,0.6,0.0,1.0,0.0,1.0,0.0,1.0,0.0,0,1.0
328,0.0075339025615268,0.75,0.75,0.02,0.5,0.8,1.0,0.8,0.2,0.2,0.2,0.0,0.0,0.0,1.0,1.0,1.0,0.0,0,0.875
329,0.0085384229030637,0.5,0.5,0.08,0.25,0.8,0.8,1.0,1.0,1.0,0.8,1.0,0.0,0.0,1.0,1.0,1.0,0.0,0,0.9375
330,0.0080361627322953,1.0,0.75,0.04,0.25,0.6,0.6,0.6,0.2,0.2,0.8,1.0,0.0,0.0,1.0,0.0,1.0,0.0,1,0.8125
331,0.0075339025615268,0.5,0.5,0.02,1.0,0.8,0.6,0.8,0.2,0.2,0.8,1.0,1.0,1.0,1.0,1.0,1.0,0.0,0,0.9375
332,0.0080361627322953,0.5,0.5,0.06,0.5,0.8,0.6,0.6,0.4,0.6,0.8,0.0,1.0,1.0,1.0,1.0,1.0,0.0,0,1.0
333,0.0080361627322953,0.25,0.25,0.06,0.5,0.8,0.6,0.4,0.2,0.6,1.0,0.0,1.0,1.0,1.0,1.0,1.0,0.0,0,0.8125
334,0.0075339025615268,1.0,1.0,0.04,0.25,0.2,1.0,0.2,0.6,1.0,1.0,0.0,0.0,0.0,1.0,1.0,1.0,0.0,0,1.0
335,0.0075339025615268,0.75,0.75,0.02,0.5,1.0,0.6,0.6,0.2,0.2,1.0,1.0,1.0,1.0,1.0,1.0,1.0,0.0,0,1.0
336,0.0085384229030637,0.0,0.0,0.04,0.25,0.8,0.8,0.6,0.2,0.2,1.0,0.0,0.0,0.0,1.0,1.0,1.0,0.0,0,1.0
337,0.0080361627322953,0.5,0.75,0.02,0.5,0.8,0.6,0.6,0.2,0.2,0.4,0.0,1.0,0.0,1.0,1.0,1.0,0.0,0,0.8125
338,0.0085384229030637,0.25,0.25,0.02,0.5,0.8,0.8,0.8,0.2,0.6,0.2,0.0,1.0,0.0,1.0,0.0,1.0,0.0,0,1.0
339,0.0075339025615268,0.25,0.5,0.02,0.5,0.4,0.6,0.8,0.4,0.8,0.2,0.0,1.0,0.0,1.0,0.0,1.0,0.0,0,0.8125
340,0.0085384229030637,0.5,0.5,0.02,0.25,1.0,0.2,0.6,0.2,0.4,1.0,0.0,0.0,0.0,1.0,1.0,1.0,0.0,0,0.84375
341,0.0085384229030637,0.5,0.5,0.02,0.5,0.8,0.6,0.8,0.2,0.6,0.8,0.0,1.0,0.0,1.0,1.0,1.0,0.0,0,1.0
342,0.0085384229030637,0.5,0.25,0.04,0.25,0.8,1.0,0.2,0.2,0.2,0.6,1.0,1.0,0.0,1.0,1.0,-1.0,1.0,1,1.0
343,0.0085384229030637,0.75,0.75,0.04,0.5,0.8,1.0,0.8,0.4,0.6,0.6,1.0,1.0,0.0,1.0,1.0,1.0,0.3333333333333333,0,0.875
344,0.0085384229030637,0.5,0.75,0.02,0.5,0.8,0.8,0.6,0.2,0.6,0.8,0.0,1.0,0.0,1.0,1.0,1.0,0.0,1,0.875
345,0.0085384229030637,1.0,0.75,0.04,0.75,0.8,0.8,0.4,0.2,0.2,0.8,0.0,0.0,0.0,1.0,1.0,1.0,0.0,0,1.0
346,0.0090406830738322,0.25,0.0,0.06,0.25,0.8,0.6,0.4,0.2,0.2,0.8,1.0,0.0,0.0,1.0,1.0,1.0,0.3333333333333333,1,1.0
347,0.0085384229030637,1.0,0.5,0.04,1.0,0.8,0.4,0.6,0.6,0.2,1.0,0.0,1.0,0.0,1.0,1.0,1.0,0.0,0,1.0
348,0.0075339025615268,0.75,1.0,0.02,0.75,0.8,0.6,0.4,0.2,0.2,1.0,0.0,0.0,0.0,1.0,1.0,1.0,0.0,1,0.9375
349,0.0085384229030637,0.5,0.25,0.02,0.5,0.8,0.6,1.0,0.4,0.8,0.8,0.0,1.0,0.0,1.0,1.0,1.0,0.0,0,0.875
350,0.0085384229030637,0.75,0.25,0.04,0.25,0.4,0.8,1.0,0.6,0.8,0.4,1.0,1.0,1.0,1.0,0.0,1.0,0.0,0,0.8125
351,0.0090406830738322,0.75,1.0,0.02,0.5,0.8,0.6,1.0,0.2,0.8,0.4,1.0,1.0,1.0,0.0,1.0,1.0,0.0,0,0.71875
352,0.0090406830738322,1.0,0.75,0.02,1.0,0.8,0.6,0.6,0.2,0.2,0.6,0.0,1.0,0.0,1.0,1.0,1.0,0.0,0,1.0
353,0.0080361627322953,1.0,1.0,0.02,0.25,0.8,0.2,0.4,0.4,1.0,1.0,1.0,1.0,1.0,1.0,1.0,1.0,0.0,0,1.0
355,0.0075339025615268,0.25,0.75,0.06,0.25,0.8,0.4,0.8,0.6,1.0,0.6,1.0,0.0,1.0,1.0,1.0,1.0,0.0,0,0.9375
356,0.0090406830738322,1.0,0.75,0.04,0.5,0.8,0.8,1.0,0.2,0.4,0.4,0.0,1.0,1.0,1.0,1.0,1.0,0.0,0,1.0
357,0.0090406830738322,0.5,0.75,0.02,1.0,0.8,1.0,1.0,0.2,0.6,0.4,0.0,1.0,0.0,1.0,1.0,1.0,0.0,0,0.6875
358,0.0075339025615268,1.0,0.0,0.04,1.0,0.6,0.8,0.6,0.2,0.2,0.2,1.0,1.0,0.0,1.0,1.0,1.0,0.0,0,1.0
359,0.0080361627322953,1.0,1.0,0.02,0.25,0.6,1.0,1.0,0.4,1.0,0.8,1.0,0.0,0.0,1.0,1.0,1.0,0.0,0,0.75
360,0.0080361627322953,0.5,0.5,0.04,0.5,0.8,0.6,0.6,0.4,0.4,1.0,0.0,1.0,1.0,1.0,1.0,1.0,0.3333333333333333,1,0.5625
361,0.0085384229030637,0.75,0.5,0.04,0.5,0.8,0.8,0.8,0.2,0.6,0.2,0.0,1.0,1.0,1.0,1.0,1.0,0.0,0,0.9375
362,0.0085384229030637,0.5,0.5,0.02,0.75,0.8,0.6,0.6,0.2,0.2,0.8,0.0,1.0,0.0,1.0,1.0,1.0,0.0,0,1.0
363,0.0085384229030637,0.5,0.25,0.06,0.25,1.0,1.0,1.0,1.0,1.0,0.6,1.0,0.0,0.0,1.0,1.0,-1.0,0.0,0,0.75
364,0.0080361627322953,0.75,1.0,0.02,0.5,0.4,0.8,0.6,0.2,0.4,0.6,0.0,1.0,0.0,1.0,1.0,1.0,0.0,0,0.5625
365,0.0090406830738322,0.25,0.5,0.04,0.5,0.8,0.8,0.6,0.2,0.4,0.8,0.0,1.0,1.0,0.0,1.0,1.0,0.0,0,1.0
367,0.0090406830738322,0.5,0.5,0.04,0.75,1.0,0.8,1.0,0.2,0.8,0.6,0.0,1.0,1.0,1.0,1.0,1.0,0.0,0,1.0
368,0.0080361627322953,0.25,0.25,0.08,1.0,0.8,0.6,0.4,0.2,0.2,0.2,0.0,0.0,0.0,1.0,0.0,1.0,0.0,0,1.0
369,0.0090406830738322,0.5,0.75,0.04,0.25,1.0,0.4,0.6,0.2,0.4,0.8,0.0,1.0,0.0,1.0,1.0,1.0,0.0,0,1.0
370,0.0075339025615268,0.5,0.25,0.08,0.25,0.8,1.0,1.0,0.4,1.0,1.0,1.0,1.0,1.0,0.0,1.0,1.0,0.0,0,1.0
371,0.0090406830738322,1.0,1.0,0.06,0.25,0.4,1.0,1.0,0.2,0.2,0.2,1.0,0.0,0.0,1.0,1.0,1.0,0.0,0,0.84375
372,0.0085384229030637,0.25,0.0,0.02,0.25,0.8,0.2,0.4,0.2,0.2,1.0,1.0,1.0,1.0,0.0,1.0,1.0,0.0,0,0.875
373,0.0080361627322953,0.75,0.75,0.06,0.5,1.0,0.6,0.6,0.2,0.6,0.4,1.0,1.0,0.0,1.0,0.0,1.0,0.3333333333333333,1,0.875
374,0.0095429432446007,0.5,0.25,0.04,0.75,0.8,0.6,0.2,0.2,0.2,1.0,1.0,0.0,1.0,1.0,1.0,1.0,0.3333333333333333,0,1.0
375,0.0085384229030637,1.0,1.0,0.02,0.25,1.0,0.4,0.2,0.2,0.4,0.6,0.0,0.0,1.0,1.0,1.0,1.0,0.0,0,0.8125
376,0.0080361627322953,0.75,0.75,0.02,0.25,0.8,1.0,0.8,0.2,0.2,0.8,0.0,1.0,0.0,1.0,1.0,-1.0,0.0,0,1.0
377,0.0085384229030637,1.0,1.0,0.02,0.75,0.6,0.6,0.4,0.2,0.2,1.0,0.0,1.0,1.0,1.0,1.0,1.0,0.6666666666666666,0,1.0
378,0.0075339025615268,0.75,1.0,0.04,0.75,0.8,0.4,0.4,0.4,0.4,1.0,0.0,0.0,0.0,1.0,1.0,1.0,0.0,0,1.0
379,0.0090406830738322,0.25,0.25,0.04,0.5,0.8,0.6,0.6,0.2,0.8,1.0,1.0,1.0,1.0,1.0,1.0,1.0,0.0,0,0.8125
380,0.0090406830738322,0.25,0.25,0.06,0.25,1.0,0.4,1.0,0.2,1.0,0.8,0.0,0.0,0.0,1.0,0.0,1.0,1.0,0,0.8125
381,0.0090406830738322,0.75,0.5,0.04,0.5,0.8,0.2,0.2,0.2,0.2,1.0,0.0,0.0,0.0,0.0,0.0,-1.0,0.0,0,0.53125
382,0.0080361627322953,1.0,1.0,0.02,0.75,0.6,0.4,0.6,0.2,0.4,0.4,0.0,1.0,0.0,1.0,1.0,1.0,0.0,0,0.6875
383,0.0090406830738322,1.0,1.0,0.02,0.5,0.8,0.4,0.8,0.2,0.2,0.8,0.0,1.0,1.0,0.0,1.0,1.0,0.0,0,1.0
384,0.0085384229030637,0.5,0.25,0.06,0.25,1.0,1.0,0.6,0.2,0.2,0.6,0.0,0.0,0.0,1.0,1.0,-1.0,0.0,0,0.9375
386,0.0085384229030637,0.25,0.5,0.02,0.5,0.6,0.2,0.6,0.2,1.0,0.6,1.0,0.0,0.0,1.0,1.0,1.0,0.0,0,0.8125
387,0.0085384229030637,0.75,0.25,0.02,0.5,1.0,0.8,0.8,0.6,0.8,1.0,1.0,1.0,0.0,1.0,1.0,1.0,0.0,0,1.0
388,0.0085384229030637,0.5,0.5,0.04,0.5,0.8,0.8,0.8,0.4,0.6,1.0,0.0,1.0,1.0,1.0,1.0,1.0,0.0,1,0.8125
389,0.0090406830738322,1.0,1.0,0.04,0.25,0.6,0.4,0.8,0.2,0.8,0.6,1.0,1.0,0.0,1.0,1.0,1.0,0.0,0,0.8125
390,0.0090406830738322,0.25,0.5,0.02,0.5,0.6,0.8,0.8,0.4,0.6,1.0,0.0,1.0,0.0,1.0,1.0,1.0,0.3333333333333333,0,0.71875
391,0.0090406830738322,0.25,0.25,0.02,0.5,1.0,0.4,0.6,0.2,0.4,0.6,0.0,1.0,1.0,0.0,1.0,1.0,0.0,0,0.9375
392,0.0085384229030637,0.75,0.75,0.04,0.5,0.6,0.6,0.8,0.4,0.8,0.6,0.0,1.0,0.0,1.0,1.0,1.0,0.3333333333333333,0,0.75
393,0.0075339025615268,0.25,0.25,0.08,0.5,1.0,0.8,1.0,0.4,0.8,0.8,1.0,0.0,0.0,1.0,1.0,1.0,0.0,0,0.75
394,0.0075339025615268,1.0,1.0,0.04,0.25,0.8,0.6,0.4,0.2,0.2,1.0,0.0,1.0,0.0,1.0,1.0,1.0,0.0,0,0.8125
395,0.0080361627322953,0.25,0.25,0.02,0.5,1.0,0.8,0.6,0.4,0.2,0.4,0.0,1.0,0.0,1.0,0.0,1.0,0.0,0,1.0
396,0.0080361627322953,0.75,0.75,0.04,0.25,1.0,0.8,0.4,0.2,0.2,1.0,1.0,1.0,0.0,1.0,1.0,1.0,0.0,0,0.8125
397,0.0085384229030637,0.75,0.75,0.02,0.5,1.0,0.6,0.6,0.2,0.2,1.0,0.0,1.0,1.0,0.0,1.0,1.0,0.0,1,1.0
398,0.0085384229030637,1.0,1.0,0.02,0.75,1.0,0.8,0.8,0.2,0.4,0.8,0.0,1.0,0.0,1.0,1.0,1.0,0.0,0,1.0
399,0.0080361627322953,0.5,0.5,0.04,0.25,0.4,0.6,0.6,0.4,0.4,0.4,1.0,1.0,1.0,1.0,1.0,1.0,0.0,0,0.875
400,0.0080361627322953,0.5,0.25,0.04,0.25,0.6,0.6,0.4,0.2,0.6,0.6,1.0,0.0,0.0,1.0,0.0,1.0,0.0,0,0.9375
401,0.0080361627322953,1.0,0.75,0.06,0.5,1.0,0.8,0.6,0.2,0.4,0.2,0.0,1.0,1.0,1.0,1.0,1.0,0.0,0,0.9375
402,0.0090406830738322,0.75,1.0,0.02,0.25,1.0,0.8,0.8,0.2,0.2,0.2,0.0,1.0,0.0,1.0,1.0,1.0,0.0,0,0.875
403,0.0085384229030637,0.25,0.25,0.04,0.25,0.8,0.8,0.6,0.4,0.8,0.8,1.0,0.0,0.0,1.0,1.0,-1.0,0.3333333333333333,0,0.625
405,0.0090406830738322,1.0,0.75,0.02,0.25,1.0,0.8,0.8,0.2,0.8,0.4,0.0,0.0,0.0,0.0,1.0,1.0,0.0,0,0.75
406,0.0085384229030637,0.75,0.5,0.02,0.5,1.0,0.6,0.8,0.2,0.6,0.6,0.0,1.0,0.0,1.0,0.0,1.0,0.0,0,0.9375
407,0.0080361627322953,0.5,0.5,0.06,0.25,0.8,0.4,0.4,0.2,0.4,0.6,1.0,0.0,0.0,1.0,0.0,1.0,0.0,0,0.875
408,0.0085384229030637,1.0,1.0,0.02,0.75,0.8,0.8,0.6,0.2,0.4,1.0,1.0,1.0,1.0,1.0,1.0,1.0,0.0,0,1.0
409,0.0080361627322953,0.25,0.5,0.02,0.25,0.8,0.8,0.8,0.4,0.8,1.0,1.0,0.0,1.0,1.0,1.0,1.0,0.0,0,0.875
410,0.0085384229030637,0.25,0.25,0.08,0.5,1.0,0.6,1.0,0.2,1.0,1.0,1.0,0.0,1.0,1.0,1.0,-1.0,0.0,0,1.0
411,0.0085384229030637,0.5,0.25,0.04,0.75,0.6,0.4,0.6,0.2,0.4,0.6,0.0,1.0,0.0,0.0,1.0,1.0,0.0,0,1.0
412,0.0085384229030637,0.75,0.75,0.02,0.5,0.6,0.6,0.6,0.2,0.6,0.6,0.0,1.0,0.0,0.0,0.0,1.0,0.0,0,0.6875
413,0.0090406830738322,0.75,0.5,0.02,0.75,1.0,0.6,0.4,0.2,0.2,0.6,1.0,0.0,0.0,1.0,0.0,1.0,0.0,0,0.9375
414,0.0090406830738322,0.5,0.5,0.04,1.0,0.8,0.8,0.8,0.2,0.2,0.8,0.0,0.0,0.0,1.0,1.0,1.0,0.0,0,0.8125
415,0.0090406830738322,0.5,0.5,0.02,0.25,0.8,0.8,0.6,0.4,0.4,0.2,1.0,1.0,0.0,1.0,0.0,-1.0,0.3333333333333333,0,0.1875
416,0.0085384229030637,0.75,1.0,0.02,0.75,0.8,0.6,0.8,0.4,1.0,1.0,0.0,0.0,0.0,1.0,0.0,1.0,0.0,0,0.9375
417,0.0080361627322953,0.5,0.5,0.02,0.25,1.0,0.6,0.8,0.2,0.2,1.0,0.0,1.0,0.0,0.0,1.0,1.0,0.3333333333333333,0,0.625
418,0.0090406830738322,0.25,0.5,0.06,0.25,0.8,0.6,0.6,0.4,0.6,0.6,1.0,0.0,1.0,1.0,1.0,-1.0,0.0,0,0.90625
419,0.0080361627322953,0.5,0.5,0.04,0.5,0.8,0.2,0.4,0.4,0.4,1.0,1.0,1.0,1.0,0.0,0.0,1.0,0.0,0,1.0
420,0.0085384229030637,1.0,1.0,0.04,0.5,0.8,0.6,0.6,0.2,0.4,1.0,0.0,0.0,0.0,1.0,1.0,1.0,0.0,0,0.9375
421,0.0080361627322953,0.75,1.0,0.06,0.5,0.6,0.8,1.0,0.2,0.4,1.0,1.0,0.0,0.0,1.0,0.0,1.0,0.0,0,0.875
422,0.0075339025615268,1.0,0.75,0.02,0.5,0.8,0.6,0.6,0.4,0.6,1.0,1.0,1.0,0.0,1.0,1.0,1.0,0.0,0,1.0
424,0.0080361627322953,0.75,0.75,0.02,0.75,0.8,0.6,0.6,0.2,0.6,0.8,0.0,1.0,0.0,1.0,1.0,1.0,0.0,0,0.9375
425,0.0075339025615268,0.75,0.75,0.04,0.75,0.8,0.4,0.2,0.4,0.6,0.6,0.0,0.0,0.0,1.0,1.0,1.0,0.0,0,0.9375
426,0.0085384229030637,1.0,1.0,0.04,0.5,0.6,0.6,0.6,0.4,0.6,0.8,1.0,0.0,1.0,0.0,1.0,1.0,0.0,0,1.0
427,0.0085384229030637,0.25,0.25,0.02,0.5,0.8,0.8,0.6,0.4,0.8,1.0,1.0,1.0,0.0,1.0,0.0,1.0,0.0,0,0.875
428,0.0085384229030637,1.0,0.25,0.02,0.25,0.8,0.4,0.6,0.2,0.4,1.0,0.0,0.0,0.0,1.0,1.0,1.0,0.0,0,0.96875
429,0.0080361627322953,0.5,0.5,0.02,0.5,0.6,0.6,0.4,0.2,0.2,0.6,0.0,0.0,0.0,0.0,0.0,1.0,0.0,0,0.9375
430,0.0085384229030637,1.0,0.5,0.04,0.5,0.8,0.6,0.6,0.2,0.4,0.8,0.0,1.0,0.0,1.0,1.0,1.0,0.0,0,1.0
431,0.0075339025615268,0.25,0.25,0.04,0.5,0.8,0.6,0.6,0.2,0.2,0.4,0.0,0.0,0.0,1.0,1.0,1.0,0.0,0,0.96875
432,0.0080361627322953,0.5,0.5,0.06,0.5,0.6,0.8,1.0,0.2,0.4,0.2,0.0,0.0,0.0,1.0,1.0,-1.0,0.0,0,0.96875
433,0.0080361627322953,0.5,0.75,0.04,0.75,0.6,0.4,0.6,0.4,0.4,0.2,1.0,1.0,0.0,1.0,0.0,1.0,0.0,0,0.875
434,0.0085384229030637,0.25,0.5,0.04,0.5,0.6,0.4,0.4,0.2,0.4,0.6,0.0,0.0,0.0,1.0,0.0,1.0,0.0,0,1.0
435,0.0085384229030637,1.0,0.75,0.02,0.5,0.8,0.6,1.0,0.2,1.0,0.4,0.0,1.0,0.0,1.0,1.0,1.0,0.0,0,0.9375
437,0.0085384229030637,0.75,0.5,0.04,0.75,0.6,0.6,0.4,0.2,0.2,0.4,0.0,0.0,1.0,0.0,0.0,-1.0,0.6666666666666666,0,0.8125
438,0.0085384229030637,0.75,0.5,0.02,0.5,0.8,0.8,0.8,0.2,0.4,1.0,1.0,1.0,1.0,0.0,1.0,1.0,0.0,0,0.6875
439,0.0080361627322953,0.25,0.5,0.02,0.75,0.8,0.6,0.8,0.2,0.2,0.6,0.0,0.0,0.0,1.0,0.0,1.0,0.0,1,0.84375
440,0.0090406830738322,1.0,0.75,0.04,0.25,0.8,0.4,0.6,0.2,0.4,0.2,1.0,1.0,1.0,1.0,1.0,1.0,0.0,0,1.0
441,0.0075339025615268,0.25,0.25,0.06,0.25,1.0,1.0,1.0,0.2,0.2,0.2,0.0,0.0,0.0,1.0,1.0,1.0,0.3333333333333333,0,0.9375
442,0.0085384229030637,0.75,0.25,0.02,0.25,0.8,0.2,0.4,0.2,0.2,0.6,0.0,1.0,0.0,1.0,1.0,1.0,0.3333333333333333,0,0.8125
443,0.0085384229030637,0.25,0.5,0.04,0.5,0.8,0.8,0.8,0.8,1.0,1.0,1.0,1.0,0.0,1.0,0.0,1.0,0.0,0,0.5
444,0.0080361627322953,1.0,1.0,0.02,0.5,0.8,0.6,0.6,0.4,0.6,0.4,0.0,0.0,0.0,1.0,0.0,1.0,0.0,0,1.0
445,0.0080361627322953,0.5,0.75,0.04,0.25,1.0,0.6,0.6,0.2,0.2,0.6,1.0,1.0,0.0,1.0,1.0,1.0,0.0,0,1.0
446,0.0075339025615268,0.75,1.0,0.02,0.5,1.0,1.0,0.2,0.2,0.2,1.0,1.0,1.0,0.0,1.0,1.0,1.0,0.0,0,1.0
447,0.0085384229030637,0.5,0.25,0.04,0.5,0.8,0.6,1.0,0.2,0.4,0.6,0.0,0.0,0.0,1.0,1.0,-1.0,0.0,0,0.625
448,0.0080361627322953,0.25,0.5,0.02,0.25,1.0,0.6,1.0,0.2,0.4,1.0,0.0,1.0,0.0,1.0,1.0,-1.0,0.0,0,0.875
449,0.0090406830738322,0.5,0.5,0.02,1.0,0.8,1.0,1.0,0.4,0.8,1.0,1.0,1.0,1.0,1.0,1.0,1.0,0.0,0,1.0
450,0.0075339025615268,0.5,0.25,0.04,0.25,0.2,0.6,0.8,0.2,0.2,0.2,0.0,0.0,1.0,1.0,1.0,-1.0,0.0,0,1.0
451,0.0075339025615268,1.0,1.0,0.02,0.5,0.8,0.6,0.6,0.2,0.2,1.0,1.0,1.0,0.0,1.0,1.0,1.0,0.0,0,1.0
452,0.0095429432446007,0.0,0.25,0.02,0.5,0.6,0.8,0.4,0.2,0.2,1.0,0.0,1.0,0.0,1.0,0.0,-1.0,0.6666666666666666,0,1.0
453,0.0090406830738322,0.75,0.75,0.04,0.5,0.8,0.6,0.4,0.2,0.6,0.6,0.0,1.0,0.0,1.0,1.0,1.0,0.0,0,0.8125
454,0.0085384229030637,1.0,0.75,0.04,0.5,1.0,1.0,0.8,0.2,0.2,0.2,0.0,1.0,0.0,1.0,1.0,1.0,0.0,0,1.0
455,0.0090406830738322,0.75,0.75,0.02,0.5,0.8,0.2,0.8,0.2,0.2,0.6,0.0,1.0,0.0,1.0,1.0,1.0,0.0,0,0.75
456,0.0085384229030637,0.5,0.75,0.04,0.5,0.8,0.4,0.2,0.2,0.2,0.6,0.0,1.0,0.0,1.0,1.0,1.0,0.0,0,0.9375
457,0.0075339025615268,1.0,0.5,0.02,0.25,0.4,0.4,0.8,0.4,0.8,0.2,1.0,1.0,0.0,1.0,1.0,1.0,0.0,0,1.0
458,0.0085384229030637,0.5,0.5,0.04,0.5,0.8,1.0,0.4,0.2,0.2,0.2,1.0,0.0,0.0,1.0,1.0,1.0,0.0,0,1.0
459,0.0075339025615268,1.0,1.0,0.02,0.75,0.8,0.6,0.6,0.2,0.2,1.0,0.0,1.0,0.0,1.0,1.0,1.0,0.0,0,0.875
460,0.0085384229030637,0.25,0.25,0.02,0.75,0.8,0.6,0.6,0.2,0.2,0.6,0.0,1.0,0.0,1.0,1.0,1.0,0.0,0,1.0
461,0.0080361627322953,1.0,0.25,0.02,0.5,1.0,0.6,0.6,0.2,0.4,1.0,0.0,1.0,0.0,0.0,1.0,1.0,0.0,0,1.0
463,0.0075339025615268,0.25,0.25,0.04,0.5,1.0,0.8,0.6,0.2,0.4,0.8,0.0,0.0,1.0,1.0,1.0,1.0,0.0,0,1.0
464,0.0075339025615268,0.25,0.25,0.02,0.5,0.8,0.8,0.4,0.2,0.4,1.0,0.0,1.0,0.0,1.0,1.0,1.0,0.0,0,1.0
465,0.0090406830738322,0.5,0.5,0.02,0.5,0.8,0.6,0.6,0.2,0.2,0.4,0.0,1.0,1.0,1.0,0.0,1.0,0.0,0,1.0
466,0.0090406830738322,0.5,1.0,0.04,0.5,0.8,0.6,0.6,0.2,0.2,0.6,0.0,1.0,1.0,0.0,1.0,1.0,0.3333333333333333,0,0.4375
467,0.0080361627322953,0.5,0.5,0.04,1.0,0.2,0.4,0.2,0.2,0.2,0.2,0.0,1.0,1.0,0.0,0.0,-1.0,0.0,0,0.875
468,0.0090406830738322,0.5,0.5,0.02,0.5,0.8,0.8,0.8,0.4,0.8,1.0,1.0,1.0,0.0,1.0,1.0,1.0,0.0,0,0.6875
469,0.0085384229030637,1.0,1.0,0.04,0.25,0.8,0.2,0.2,0.4,0.4,1.0,1.0,1.0,1.0,1.0,1.0,1.0,0.0,0,1.0
470,0.0075339025615268,0.25,0.25,0.02,0.5,0.6,0.6,0.8,0.4,0.8,1.0,0.0,0.0,0.0,1.0,0.0,1.0,0.0,1,0.9375
471,0.0085384229030637,0.5,0.5,0.06,0.25,0.8,0.8,1.0,0.2,0.4,1.0,1.0,0.0,0.0,1.0,0.0,1.0,0.3333333333333333,0,1.0
472,0.0080361627322953,0.5,0.5,0.06,0.5,0.8,0.8,1.0,0.2,0.2,0.8,0.0,0.0,0.0,1.0,1.0,1.0,0.0,0,0.875
473,0.0080361627322953,0.5,0.5,0.06,0.25,0.8,0.6,0.4,0.2,0.2,0.8,0.0,0.0,1.0,1.0,1.0,1.0,0.0,0,1.0
474,0.0075339025615268,0.75,0.25,0.04,0.25,0.6,0.4,0.6,0.2,0.6,0.8,1.0,1.0,0.0,1.0,1.0,1.0,0.0,0,1.0
475,0.0080361627322953,0.5,0.75,0.04,0.5,0.6,0.6,0.6,0.2,0.2,0.4,0.0,0.0,0.0,1.0,1.0,1.0,0.0,0,1.0
477,0.0085384229030637,0.25,0.5,0.02,0.25,0.6,1.0,1.0,0.2,0.6,0.2,0.0,0.0,0.0,1.0,1.0,1.0,0.0,0,0.875
478,0.0075339025615268,0.75,0.5,0.02,0.5,0.8,0.4,0.4,0.2,0.2,0.2,1.0,1.0,1.0,0.0,1.0,1.0,0.0,0,1.0
479,0.0080361627322953,0.25,0.5,0.04,0.25,0.8,0.8,1.0,0.6,1.0,1.0,1.0,1.0,1.0,1.0,0.0,1.0,0.6666666666666666,0,1.0
480,0.0090406830738322,0.75,0.75,0.04,0.25,0.8,0.2,0.2,0.2,0.2,0.6,0.0,1.0,0.0,1.0,1.0,-1.0,0.3333333333333333,0,0.5625
482,0.0075339025615268,0.25,0.5,0.02,0.5,0.8,0.6,0.4,0.2,0.4,1.0,0.0,1.0,0.0,1.0,0.0,1.0,0.0,0,0.8125
483,0.0095429432446007,0.25,0.25,0.04,0.5,0.2,0.2,0.8,0.8,0.2,0.2,0.0,1.0,0.0,1.0,1.0,1.0,0.3333333333333333,0,0.625
484,0.0095429432446007,0.25,0.25,0.06,0.5,1.0,0.6,0.8,0.2,0.2,0.8,0.0,1.0,1.0,0.0,0.0,1.0,0.6666666666666666,0,0.9375
485,0.0075339025615268,0.25,0.5,0.06,0.5,1.0,1.0,1.0,0.2,0.6,1.0,1.0,0.0,0.0,1.0,1.0,1.0,0.0,0,0.65625
486,0.0080361627322953,0.5,0.5,0.04,0.5,1.0,0.8,0.8,0.4,0.8,1.0,1.0,1.0,1.0,1.0,1.0,1.0,0.0,0,0.9375
487,0.0075339025615268,0.25,0.25,0.02,0.25,0.8,0.2,0.6,0.2,0.2,0.4,0.0,0.0,0.0,1.0,1.0,1.0,0.3333333333333333,0,0.8125
488,0.0080361627322953,1.0,1.0,0.02,0.75,0.8,0.8,0.6,0.2,0.2,0.8,1.0,1.0,0.0,1.0,1.0,1.0,0.0,0,1.0
489,0.0085384229030637,0.25,0.5,0.02,0.25,1.0,1.0,0.2,0.2,0.2,0.6,0.0,1.0,1.0,1.0,1.0,1.0,0.0,0,1.0
490,0.0080361627322953,0.75,0.75,0.02,0.25,0.8,0.6,0.4,0.6,0.8,1.0,1.0,0.0,0.0,1.0,1.0,1.0,0.0,0,1.0
491,0.0080361627322953,1.0,1.0,0.02,0.25,0.6,0.6,0.4,0.4,0.2,1.0,1.0,1.0,0.0,1.0,1.0,-1.0,0.0,0,0.5
493,0.0080361627322953,0.75,0.75,0.02,0.5,0.4,0.6,1.0,0.2,0.8,0.6,0.0,1.0,1.0,0.0,1.0,1.0,0.0,0,0.8125
494,0.0080361627322953,0.5,0.75,0.04,0.5,0.8,1.0,0.4,0.2,0.4,1.0,0.0,0.0,0.0,1.0,1.0,1.0,0.0,0,1.0
495,0.0085384229030637,0.75,0.25,0.04,0.75,0.8,0.4,0.6,0.4,0.4,0.6,0.0,0.0,1.0,0.0,1.0,-1.0,0.0,0,0.84375
496,0.0085384229030637,0.75,0.75,0.02,0.25,0.8,0.4,1.0,0.4,1.0,1.0,0.0,1.0,0.0,1.0,1.0,1.0,0.0,0,0.9375
497,0.0080361627322953,0.5,0.5,0.02,0.5,1.0,0.8,0.8,0.2,0.2,1.0,0.0,1.0,0.0,1.0,1.0,1.0,0.0,0,1.0
498,0.0095429432446007,0.25,0.25,0.02,0.5,1.0,0.8,0.8,0.6,0.6,0.4,1.0,0.0,0.0,1.0,1.0,1.0,0.3333333333333333,0,0.75
499,0.0080361627322953,1.0,1.0,0.04,0.75,0.4,0.8,0.6,0.2,0.2,1.0,1.0,0.0,0.0,0.0,1.0,1.0,0.0,0,0.875
500,0.0090406830738322,0.75,0.5,0.04,0.25,0.8,0.8,1.0,0.4,0.8,1.0,1.0,1.0,0.0,1.0,1.0,-1.0,0.0,0,0.75
502,0.0085384229030637,0.5,0.5,0.02,0.75,0.6,0.6,0.4,0.4,0.4,0.6,0.0,0.0,1.0,1.0,1.0,1.0,0.0,0,1.0
503,0.0085384229030637,1.0,1.0,0.02,0.5,1.0,0.6,1.0,0.8,1.0,0.6,1.0,1.0,1.0,1.0,1.0,1.0,0.0,0,0.53125
504,0.0075339025615268,0.5,0.5,0.04,0.75,1.0,0.6,0.4,0.2,0.2,0.8,0.0,1.0,0.0,1.0,1.0,1.0,0.0,0,1.0
505,0.0075339025615268,0.25,0.25,0.06,0.25,0.8,0.6,0.6,0.2,0.4,0.8,0.0,1.0,0.0,1.0,0.0,1.0,0.0,0,0.8125
506,0.0075339025615268,0.75,1.0,0.02,0.5,1.0,0.8,0.8,0.2,0.2,0.2,1.0,1.0,0.0,0.0,1.0,1.0,0.0,0,1.0
507,0.0085384229030637,0.75,0.25,0.02,0.5,0.8,1.0,0.8,0.4,0.6,0.2,0.0,0.0,0.0,1.0,0.0,1.0,0.0,0,0.6875
508,0.0080361627322953,0.5,0.25,0.06,0.25,0.8,0.6,0.6,0.2,0.2,0.8,1.0,1.0,0.0,1.0,1.0,1.0,0.0,0,0.78125
509,0.0080361627322953,0.5,0.25,0.08,0.25,0.6,0.4,0.2,0.2,0.2,0.4,1.0,1.0,0.0,1.0,1.0,1.0,0.0,0,0.875
510,0.0080361627322953,1.0,0.5,0.02,0.25,0.8,0.6,0.6,0.6,0.8,0.6,1.0,0.0,0.0,1.0,1.0,1.0,0.0,0,0.75
511,0.0085384229030637,1.0,0.25,0.04,0.25,0.8,1.0,0.8,0.4,0.8,1.0,1.0,1.0,1.0,0.0,1.0,1.0,0.0,0,0.3125
512,0.0080361627322953,0.5,0.5,0.02,0.5,0.8,0.6,1.0,0.4,0.8,0.8,1.0,1.0,0.0,1.0,1.0,-1.0,0.0,0,1.0
513,0.0085384229030637,0.5,0.75,0.04,0.5,0.8,0.8,0.6,0.2,0.2,0.6,1.0,1.0,0.0,1.0,1.0,1.0,0.0,0,0.875
514,0.0085384229030637,0.5,0.5,0.02,0.25,1.0,0.6,0.4,0.2,0.4,0.6,0.0,0.0,0.0,1.0,1.0,1.0,0.0,0,0.34375
515,0.0085384229030637,0.5,0.25,0.04,0.5,0.2,0.4,0.6,0.2,0.4,0.4,0.0,0.0,0.0,1.0,1.0,-1.0,0.0,0,0.75
516,0.0090406830738322,0.25,0.25,0.02,0.25,0.4,0.6,1.0,0.4,1.0,0.8,1.0,1.0,1.0,1.0,1.0,-1.0,0.6666666666666666,0,1.0
517,0.0085384229030637,1.0,1.0,0.02,0.5,0.8,1.0,1.0,0.2,0.6,0.4,1.0,1.0,0.0,1.0,1.0,1.0,0.0,1,1.0
518,0.0080361627322953,1.0,1.0,0.02,0.5,0.8,0.4,0.8,0.4,0.8,0.2,1.0,1.0,0.0,1.0,1.0,1.0,0.0,0,1.0
519,0.0080361627322953,0.75,0.75,0.02,0.75,1.0,0.6,0.6,0.2,0.2,1.0,1.0,1.0,0.0,1.0,1.0,1.0,0.0,0,0.875
520,0.0080361627322953,0.5,0.25,0.04,0.5,0.8,0.4,0.4,0.2,0.8,1.0,1.0,1.0,0.0,1.0,0.0,1.0,0.0,0,0.9375
521,0.0085384229030637,0.25,0.25,0.02,0.25,1.0,0.8,0.8,0.4,0.4,1.0,0.0,0.0,0.0,1.0,0.0,-1.0,0.3333333333333333,0,1.0
522,0.0085384229030637,1.0,0.75,0.02,0.5,1.0,0.4,0.4,0.2,0.2,1.0,0.0,1.0,1.0,0.0,1.0,1.0,0.0,1,0.875
523,0.0080361627322953,0.5,0.5,0.04,0.5,0.8,0.8,0.8,0.4,0.6,1.0,0.0,0.0,0.0,1.0,0.0,1.0,0.3333333333333333,0,0.9375
524,0.0075339025615268,1.0,1.0,0.04,0.5,0.8,0.8,0.6,0.2,0.2,0.4,1.0,1.0,0.0,1.0,1.0,1.0,0.0,0,0.875
525,0.0085384229030637,0.75,0.75,0.02,0.5,0.8,0.6,0.8,0.4,0.6,0.8,1.0,1.0,0.0,1.0,1.0,1.0,0.0,0,0.8125
526,0.0080361627322953,0.5,1.0,0.04,0.5,0.8,0.4,0.4,0.2,0.4,1.0,0.0,1.0,1.0,1.0,1.0,1.0,0.0,0,0.9375
527,0.0090406830738322,0.25,0.25,0.04,0.25,0.6,0.4,0.6,0.2,0.2,0.4,0.0,0.0,0.0,1.0,0.0,-1.0,0.3333333333333333,0,0.875
528,0.0075339025615268,0.25,0.5,0.02,0.5,0.6,0.4,0.6,0.2,0.4,0.2,0.0,1.0,0.0,1.0,0.0,1.0,0.0,0,1.0
529,0.0075339025615268,1.0,1.0,0.02,0.25,0.8,0.6,0.6,0.2,0.6,1.0,1.0,1.0,1.0,1.0,1.0,1.0,0.0,0,1.0
530,0.0090406830738322,0.25,0.25,0.02,0.75,0.8,0.8,0.6,0.4,0.6,0.6,0.0,1.0,1.0,1.0,0.0,1.0,0.0,0,0.875
531,0.0080361627322953,0.75,1.0,0.02,0.5,1.0,0.6,0.6,0.2,0.2,1.0,1.0,1.0,1.0,0.0,1.0,1.0,0.0,1,0.9375
532,0.0080361627322953,0.25,0.75,0.04,0.25,0.8,0.6,0.6,0.2,0.6,1.0,0.0,1.0,0.0,1.0,1.0,-1.0,0.0,0,0.65625
533,0.0075339025615268,0.5,0.75,0.04,0.25,0.6,1.0,0.2,0.2,0.2,1.0,0.0,1.0,0.0,1.0,1.0,1.0,0.0,0,0.875
534,0.0080361627322953,1.0,1.0,0.02,0.5,0.8,0.6,0.8,0.2,0.4,0.6,0.0,1.0,0.0,1.0,1.0,1.0,0.0,0,0.875
535,0.0080361627322953,0.25,0.25,0.06,0.5,1.0,0.6,0.4,0.2,0.2,0.2,0.0,0.0,1.0,1.0,1.0,1.0,0.0,0,1.0
536,0.0080361627322953,0.5,0.25,0.02,0.5,0.8,0.6,1.0,0.2,0.2,1.0,0.0,1.0,0.0,1.0,1.0,1.0,0.0,0,1.0
537,0.0090406830738322,1.0,1.0,0.02,0.25,0.8,0.4,1.0,0.6,0.8,1.0,1.0,1.0,1.0,1.0,1.0,1.0,0.0,0,0.9375
538,0.0085384229030637,1.0,0.5,0.04,0.75,0.8,0.6,0.6,0.2,0.2,0.6,0.0,1.0,0.0,1.0,1.0,1.0,0.0,0,1.0
539,0.0095429432446007,0.5,0.75,0.04,0.25,0.4,0.4,0.6,0.6,0.8,1.0,0.0,1.0,1.0,0.0,1.0,-1.0,0.3333333333333333,0,0.5
540,0.0075339025615268,1.0,0.25,0.02,0.5,1.0,0.6,0.8,0.2,0.4,0.4,1.0,0.0,1.0,1.0,1.0,1.0,0.0,0,0.78125
541,0.0085384229030637,1.0,0.75,0.02,0.75,0.8,0.4,0.4,0.2,0.4,0.6,0.0,1.0,0.0,1.0,1.0,1.0,0.0,0,1.0
542,0.0075339025615268,0.25,0.5,0.02,0.5,0.8,0.6,0.4,0.2,0.2,1.0,1.0,1.0,1.0,1.0,1.0,1.0,0.0,1,1.0
543,0.0080361627322953,0.75,0.5,0.04,0.75,1.0,0.6,0.6,0.2,0.6,0.4,1.0,1.0,0.0,1.0,1.0,1.0,0.0,0,1.0
545,0.0080361627322953,0.25,0.5,0.02,0.5,0.8,0.8,1.0,0.2,0.6,0.6,0.0,0.0,1.0,1.0,1.0,-1.0,0.0,0,1.0
546,0.0080361627322953,0.5,0.5,0.02,0.5,0.8,0.8,0.8,0.2,0.2,0.6,1.0,1.0,1.0,1.0,1.0,1.0,0.0,0,1.0
547,0.0075339025615268,0.5,0.75,0.02,0.75,1.0,0.6,0.4,0.2,0.4,1.0,1.0,1.0,0.0,1.0,0.0,1.0,0.0,1,0.9375
548,0.0085384229030637,0.5,0.25,0.02,0.5,0.6,0.4,0.4,0.2,0.2,0.6,0.0,1.0,1.0,1.0,1.0,1.0,0.0,0,1.0
549,0.0075339025615268,1.0,1.0,0.02,0.25,0.6,0.6,0.8,0.4,0.6,1.0,0.0,1.0,0.0,1.0,1.0,1.0,0.0,1,1.0
550,0.0080361627322953,1.0,0.25,0.04,0.5,0.2,0.4,0.8,0.4,0.4,0.2,0.0,1.0,1.0,1.0,1.0,1.0,0.0,0,0.75
551,0.0080361627322953,0.5,0.5,0.02,1.0,1.0,0.4,0.6,0.2,0.6,0.6,0.0,1.0,0.0,1.0,1.0,1.0,0.0,0,0.96875
552,0.0090406830738322,0.5,0.5,0.02,0.5,1.0,0.6,0.2,0.2,0.2,1.0,0.0,1.0,1.0,1.0,0.0,1.0,0.3333333333333333,0,0.5
553,0.0080361627322953,0.75,0.75,0.02,0.5,0.8,0.6,0.4,0.2,0.4,1.0,0.0,1.0,0.0,1.0,1.0,1.0,0.0,0,1.0
554,0.0090406830738322,0.75,0.5,0.02,0.5,0.6,0.2,0.4,0.2,0.4,0.2,0.0,1.0,0.0,1.0,0.0,1.0,0.0,0,0.875
555,0.0090406830738322,1.0,0.75,0.02,0.75,1.0,0.8,1.0,0.4,0.6,1.0,1.0,1.0,0.0,1.0,1.0,1.0,0.0,0,1.0
556,0.0090406830738322,0.75,0.75,0.02,0.5,0.8,0.8,1.0,0.2,0.6,0.6,1.0,1.0,0.0,1.0,1.0,-1.0,0.6666666666666666,0,0.71875
558,0.0080361627322953,0.75,0.75,0.06,0.5,1.0,0.6,0.4,0.2,0.2,0.8,0.0,1.0,0.0,1.0,1.0,1.0,0.0,1,0.9375
559,0.0075339025615268,0.25,0.25,0.02,0.5,0.8,0.6,0.4,0.4,0.6,0.6,0.0,1.0,1.0,1.0,1.0,1.0,0.0,1,0.8125
560,0.0080361627322953,0.5,0.25,0.02,0.5,1.0,0.6,0.8,0.2,0.2,0.4,0.0,1.0,0.0,0.0,1.0,1.0,0.0,0,0.9375
561,0.0085384229030637,1.0,0.75,0.02,0.75,0.8,0.8,0.6,0.2,0.6,0.8,0.0,1.0,0.0,1.0,1.0,1.0,0.0,0,1.0
562,0.0075339025615268,1.0,0.75,0.02,0.5,0.8,0.8,0.8,0.4,0.8,0.4,0.0,1.0,1.0,1.0,1.0,1.0,0.0,1,1.0
563,0.0095429432446007,0.75,0.5,0.04,0.25,0.6,0.4,0.2,0.2,0.2,0.6,1.0,1.0,0.0,1.0,1.0,1.0,1.0,0,0.875
564,0.0095429432446007,0.75,0.75,0.02,0.5,0.8,1.0,0.6,0.2,0.4,1.0,1.0,0.0,0.0,1.0,1.0,1.0,0.0,0,1.0
565,0.0090406830738322,0.75,0.75,0.02,1.0,1.0,0.6,0.6,0.2,0.2,0.2,0.0,1.0,1.0,1.0,1.0,1.0,0.0,0,0.875
566,0.0080361627322953,0.25,0.75,0.02,0.25,1.0,0.6,0.6,0.2,0.8,0.4,1.0,1.0,0.0,1.0,1.0,-1.0,0.3333333333333333,0,0.9375
567,0.0090406830738322,1.0,1.0,0.02,1.0,1.0,1.0,1.0,1.0,1.0,1.0,1.0,1.0,1.0,1.0,1.0,-1.0,0.0,0,0.9375
568,0.0085384229030637,0.75,0.25,0.02,0.25,1.0,0.8,1.0,1.0,1.0,0.2,1.0,1.0,0.0,1.0,0.0,-1.0,1.0,0,0.625
569,0.0095429432446007,0.75,0.5,0.02,0.5,0.6,0.6,0.6,0.8,0.6,0.6,0.0,0.0,0.0,1.0,1.0,-1.0,0.3333333333333333,1,1.0
570,0.0085384229030637,0.5,0.25,0.04,0.5,0.8,0.6,0.8,0.4,0.4,0.2,0.0,1.0,0.0,1.0,1.0,1.0,0.0,0,0.6875
571,0.0080361627322953,0.75,0.25,0.02,0.25,1.0,0.6,0.4,0.4,0.4,1.0,1.0,1.0,0.0,1.0,1.0,1.0,0.0,0,1.0
572,0.0080361627322953,0.75,1.0,0.06,0.25,0.6,0.8,1.0,0.4,0.8,0.4,1.0,1.0,0.0,1.0,0.0,1.0,0.3333333333333333,0,0.875
573,0.0095429432446007,0.5,0.5,0.02,0.75,1.0,0.8,1.0,0.2,0.2,0.2,0.0,1.0,1.0,1.0,1.0,1.0,0.0,0,1.0
574,0.0090406830738322,1.0,0.5,0.02,0.5,0.8,0.6,0.4,0.2,0.8,1.0,1.0,1.0,0.0,1.0,1.0,1.0,0.0,0,0.9375
575,0.0075339025615268,0.75,1.0,0.02,0.25,1.0,1.0,1.0,0.6,0.4,1.0,1.0,1.0,0.0,1.0,1.0,1.0,0.0,1,0.9375
576,0.0090406830738322,0.75,0.75,0.02,0.5,0.8,0.6,0.6,0.2,0.6,1.0,1.0,0.0,1.0,1.0,1.0,1.0,0.0,0,0.75
577,0.0085384229030637,1.0,1.0,0.02,0.75,0.8,0.8,0.4,0.2,0.4,0.8,1.0,1.0,1.0,0.0,1.0,1.0,0.0,0,0.9375
578,0.0090406830738322,1.0,0.75,0.02,0.75,1.0,0.6,0.4,0.2,0.4,0.8,1.0,0.0,0.0,1.0,1.0,1.0,0.0,0,0.875
579,0.0085384229030637,0.5,0.25,0.06,0.25,0.6,0.4,0.4,0.2,0.4,1.0,0.0,1.0,1.0,0.0,1.0,1.0,0.0,0,0.75
580,0.0090406830738322,0.25,0.25,0.04,0.25,1.0,0.6,0.6,0.4,0.6,1.0,1.0,0.0,0.0,1.0,1.0,-1.0,0.3333333333333333,0,0.9375
581,0.0080361627322953,0.5,0.25,0.02,0.25,0.8,1.0,0.4,0.2,0.2,1.0,0.0,1.0,0.0,1.0,1.0,1.0,0.0,0,0.875
582,0.0085384229030637,0.75,0.5,0.02,0.5,0.8,0.6,0.6,0.4,0.6,0.4,0.0,0.0,0.0,0.0,1.0,1.0,0.0,0,1.0
583,0.0085384229030637,0.75,1.0,0.02,0.5,1.0,0.8,0.8,0.6,0.8,1.0,1.0,1.0,0.0,1.0,0.0,1.0,0.3333333333333333,0,0.75
584,0.0075339025615268,0.5,0.5,0.02,0.75,0.8,0.8,0.6,0.4,0.4,1.0,0.0,0.0,1.0,1.0,1.0,1.0,0.0,1,0.9375
586,0.0080361627322953,0.75,0.5,0.04,0.25,0.8,1.0,1.0,0.4,0.4,1.0,1.0,0.0,0.0,1.0,1.0,1.0,0.0,0,0.9375
587,0.0090406830738322,0.5,0.25,0.06,0.5,0.8,0.8,1.0,0.8,0.8,1.0,1.0,1.0,1.0,1.0,0.0,-1.0,0.3333333333333333,0,0.875
588,0.0090406830738322,1.0,1.0,0.02,0.5,1.0,0.8,0.6,0.2,0.2,0.4,1.0,1.0,1.0,0.0,1.0,1.0,0.0,0,1.0
589,0.0075339025615268,0.5,1.0,0.02,0.75,0.8,0.6,0.4,0.2,0.2,1.0,0.0,0.0,0.0,1.0,1.0,1.0,0.0,1,0.9375
590,0.0075339025615268,0.25,0.25,0.04,0.25,1.0,0.4,0.2,0.2,0.6,0.8,0.0,0.0,1.0,1.0,1.0,-1.0,0.0,0,1.0
591,0.0075339025615268,0.25,0.25,0.04,1.0,0.6,0.2,0.4,0.2,0.2,0.2,0.0,0.0,0.0,1.0,1.0,1.0,0.0,1,0.875
592,0.0080361627322953,0.75,0.5,0.04,0.5,0.4,1.0,1.0,0.2,0.2,0.2,0.0,1.0,0.0,0.0,1.0,1.0,0.6666666666666666,0,0.75
593,0.0075339025615268,0.5,0.5,0.02,0.75,0.8,1.0,0.4,0.2,0.2,0.6,1.0,1.0,0.0,0.0,1.0,1.0,0.0,0,1.0
594,0.0090406830738322,0.75,0.5,0.04,0.75,1.0,0.8,0.4,0.2,0.2,0.8,1.0,0.0,1.0,1.0,1.0,1.0,0.0,0,1.0
595,0.0095429432446007,1.0,0.5,0.04,0.5,1.0,0.8,0.8,0.2,0.2,0.2,1.0,1.0,0.0,1.0,1.0,1.0,0.0,0,0.71875
596,0.0085384229030637,0.5,0.25,0.02,0.25,1.0,0.8,1.0,0.2,0.4,1.0,1.0,1.0,0.0,1.0,1.0,1.0,0.0,0,0.3125
597,0.0085384229030637,0.75,0.5,0.04,0.5,0.8,0.8,0.8,0.2,0.8,0.6,1.0,0.0,0.0,1.0,1.0,1.0,0.6666666666666666,1,0.875
598,0.0075339025615268,0.5,0.75,0.02,0.25,0.6,0.4,0.4,0.2,0.6,0.6,1.0,1.0,0.0,1.0,0.0,1.0,0.0,1,1.0
599,0.0085384229030637,0.25,0.25,0.04,0.75,0.8,0.6,0.6,0.2,0.6,1.0,0.0,0.0,1.0,1.0,1.0,1.0,0.0,0,0.875
600,0.0075339025615268,1.0,1.0,0.02,0.75,0.8,0.4,0.4,0.2,0.2,1.0,0.0,1.0,0.0,1.0,1.0,1.0,0.0,0,0.9375
601,0.0080361627322953,0.25,0.5,0.02,0.75,0.2,0.6,0.4,0.2,0.4,0.8,0.0,1.0,0.0,1.0,1.0,1.0,0.3333333333333333,0,0.90625
602,0.0095429432446007,1.0,1.0,0.04,0.5,0.4,0.6,0.8,0.4,0.6,0.4,0.0,1.0,0.0,1.0,1.0,1.0,0.0,0,0.9375
603,0.0075339025615268,1.0,0.75,0.02,0.5,0.8,1.0,0.4,0.2,0.2,1.0,1.0,0.0,0.0,1.0,1.0,1.0,0.0,0,1.0
604,0.0080361627322953,0.75,0.75,0.02,0.5,0.8,0.4,0.6,0.2,0.4,0.6,1.0,1.0,0.0,1.0,1.0,1.0,0.0,0,1.0
605,0.0075339025615268,0.25,0.5,0.04,0.25,0.8,0.8,0.8,0.4,0.8,1.0,1.0,1.0,1.0,1.0,1.0,1.0,0.0,0,0.9375
606,0.0085384229030637,0.75,0.25,0.04,0.5,1.0,0.8,0.8,0.2,0.2,1.0,0.0,0.0,0.0,1.0,0.0,1.0,1.0,0,0.9375
607,0.0080361627322953,0.5,0.5,0.02,0.25,0.8,0.8,0.6,0.2,0.8,0.6,0.0,1.0,0.0,1.0,0.0,1.0,0.3333333333333333,0,0.96875
608,0.0075339025615268,0.5,0.25,0.04,0.25,0.8,0.8,0.4,0.2,0.2,1.0,0.0,1.0,1.0,0.0,1.0,-1.0,0.0,0,1.0
609,0.0085384229030637,0.0,0.25,0.04,0.25,0.4,0.8,0.8,0.6,1.0,1.0,0.0,1.0,0.0,1.0,0.0,1.0,0.0,0,0.84375
610,0.0085384229030637,1.0,1.0,0.02,0.25,0.8,0.8,0.8,0.2,0.2,1.0,0.0,0.0,0.0,1.0,1.0,1.0,0.0,0,0.9375
611,0.0085384229030637,0.5,0.75,0.04,0.25,1.0,0.4,0.4,0.2,0.2,0.4,1.0,1.0,0.0,1.0,1.0,1.0,0.0,0,0.9375
612,0.0085384229030637,0.5,0.5,0.02,1.0,0.6,0.8,0.2,0.2,0.2,0.4,0.0,1.0,1.0,1.0,1.0,1.0,0.0,0,0.9375
613,0.0080361627322953,0.5,0.5,0.04,0.5,0.6,0.8,0.8,0.2,0.8,1.0,0.0,1.0,0.0,1.0,0.0,1.0,0.0,0,1.0
614,0.0090406830738322,0.5,0.5,0.02,0.25,1.0,0.8,0.4,0.2,0.4,1.0,1.0,1.0,0.0,1.0,0.0,1.0,0.0,0,0.8125
616,0.0080361627322953,0.75,0.75,0.02,0.75,0.8,0.2,0.4,0.2,0.2,0.4,0.0,0.0,0.0,1.0,1.0,1.0,0.0,1,0.875
617,0.0085384229030637,0.75,0.75,0.04,0.75,0.8,0.4,0.4,0.4,0.6,1.0,0.0,1.0,0.0,1.0,1.0,1.0,0.0,0,0.6875
618,0.0075339025615268,1.0,1.0,0.02,0.25,1.0,1.0,0.6,0.2,0.2,0.8,1.0,1.0,1.0,0.0,1.0,1.0,0.0,0,0.875
619,0.0080361627322953,1.0,1.0,0.02,0.25,0.8,1.0,1.0,1.0,1.0,0.8,1.0,1.0,0.0,1.0,1.0,1.0,0.0,1,0.625
620,0.0080361627322953,0.25,0.25,0.04,0.25,0.6,0.8,0.8,0.6,0.8,1.0,1.0,0.0,0.0,1.0,1.0,1.0,0.0,0,0.8125
621,0.0075339025615268,1.0,0.25,0.02,0.5,1.0,0.6,0.8,0.2,0.4,0.4,1.0,0.0,1.0,1.0,1.0,1.0,0.0,0,1.0
622,0.0075339025615268,0.75,1.0,0.02,0.5,1.0,0.6,0.4,0.2,0.2,0.2,0.0,1.0,1.0,0.0,1.0,1.0,0.0,1,1.0
623,0.0085384229030637,0.75,0.75,0.02,0.5,1.0,0.6,0.6,0.4,0.6,0.2,0.0,1.0,1.0,1.0,1.0,1.0,0.0,0,0.0
624,0.0080361627322953,0.5,0.5,0.02,0.5,0.8,0.6,0.8,0.2,0.4,0.4,0.0,1.0,1.0,1.0,1.0,1.0,0.0,0,0.8125
625,0.0085384229030637,0.75,0.5,0.04,0.5,0.8,0.2,0.4,0.4,0.4,0.2,1.0,1.0,0.0,1.0,1.0,1.0,0.0,0,1.0
626,0.0090406830738322,0.25,0.75,0.04,0.5,0.6,0.6,0.8,0.4,0.8,0.6,1.0,0.0,0.0,1.0,1.0,1.0,0.0,0,1.0
627,0.0085384229030637,0.75,0.5,0.04,0.25,0.8,0.6,0.6,0.4,0.4,0.2,0.0,1.0,0.0,1.0,1.0,1.0,0.0,0,0.84375
628,0.0075339025615268,0.25,0.5,0.04,0.25,1.0,0.2,0.4,0.2,0.2,0.2,0.0,0.0,0.0,1.0,1.0,1.0,0.0,0,0.90625
629,0.0090406830738322,1.0,1.0,0.02,0.5,0.8,0.8,0.8,0.2,0.6,1.0,0.0,1.0,0.0,1.0,1.0,1.0,0.0,0,1.0
630,0.0085384229030637,0.75,1.0,0.02,0.75,0.8,0.8,0.6,0.6,0.8,1.0,0.0,1.0,0.0,1.0,1.0,1.0,0.3333333333333333,0,0.5625
631,0.0080361627322953,1.0,0.75,0.02,0.5,1.0,0.8,0.4,0.2,0.4,1.0,1.0,1.0,1.0,1.0,1.0,1.0,0.0,0,0.8125
632,0.0090406830738322,1.0,1.0,0.02,0.5,1.0,0.8,0.6,0.2,0.8,0.4,0.0,0.0,1.0,1.0,1.0,1.0,0.0,0,0.96875
633,0.0085384229030637,0.25,0.5,0.02,0.25,0.4,0.4,0.4,0.6,0.6,1.0,1.0,0.0,1.0,1.0,1.0,1.0,1.0,0,0.5625
634,0.0075339025615268,1.0,1.0,0.04,0.5,0.8,0.8,0.8,0.4,0.6,1.0,0.0,1.0,0.0,1.0,1.0,1.0,0.0,0,0.875
635,0.0090406830738322,0.5,0.5,0.02,0.5,0.6,0.4,0.6,0.2,0.2,1.0,0.0,0.0,0.0,1.0,1.0,1.0,0.0,1,0.875
636,0.0080361627322953,1.0,1.0,0.02,0.5,0.8,0.6,0.2,0.2,0.2,0.6,1.0,1.0,0.0,1.0,1.0,1.0,0.0,0,1.0
637,0.0090406830738322,0.75,0.5,0.06,0.25,0.8,0.8,0.2,0.6,0.8,1.0,1.0,0.0,1.0,1.0,0.0,1.0,0.0,0,0.875
638,0.0075339025615268,1.0,1.0,0.02,1.0,0.2,0.6,0.6,1.0,1.0,0.6,1.0,1.0,0.0,0.0,0.0,1.0,0.0,0,1.0
639,0.0085384229030637,0.5,0.25,0.02,0.25,0.8,0.8,0.4,0.4,0.8,1.0,1.0,0.0,0.0,1.0,0.0,1.0,0.0,0,1.0
640,0.0075339025615268,0.5,0.5,0.02,0.25,0.8,0.6,0.2,0.2,0.2,0.4,0.0,0.0,0.0,1.0,1.0,1.0,0.0,1,0.75
641,0.0085384229030637,0.25,1.0,0.08,0.25,1.0,1.0,0.8,0.2,0.2,1.0,0.0,0.0,1.0,0.0,1.0,1.0,0.3333333333333333,0,0.5625
642,0.0085384229030637,0.75,0.5,0.02,0.5,0.8,1.0,0.8,0.2,0.4,1.0,0.0,0.0,0.0,1.0,1.0,1.0,0.3333333333333333,0,1.0
643,0.0075339025615268,0.75,0.75,0.04,0.25,1.0,0.8,0.8,0.4,0.6,1.0,0.0,0.0,0.0,1.0,1.0,1.0,0.0,0,0.875
644,0.0090406830738322,0.5,0.5,0.08,0.5,0.8,0.4,1.0,0.2,0.2,0.4,0.0,1.0,0.0,1.0,1.0,1.0,0.0,0,0.9375
645,0.0075339025615268,1.0,1.0,0.04,0.5,0.8,0.6,0.2,0.2,0.2,1.0,1.0,1.0,0.0,1.0,1.0,1.0,0.0,0,0.9375
646,0.0085384229030637,0.25,0.25,0.04,0.5,1.0,0.6,0.6,1.0,0.4,0.8,1.0,0.0,1.0,1.0,1.0,-1.0,0.6666666666666666,0,0.34375
647,0.0080361627322953,0.5,0.5,0.02,0.25,0.8,0.6,0.8,0.2,0.4,0.2,0.0,1.0,1.0,0.0,1.0,-1.0,0.0,0,0.8125
648,0.0080361627322953,0.5,0.75,0.02,0.5,0.8,1.0,0.8,0.2,0.4,0.2,0.0,0.0,0.0,1.0,1.0,1.0,0.0,0,0.9375
