idx,age,Medu,Fedu,traveltime,studytime,famrel,freetime,goout,Dalc,Walc,health,sex_M,address_U,famsize_LE3,Pstatus_T,nursery,plans_universitypast_failures
0,16,4,4,1,2,5,4,4.0,1.0,2.0,5,1,1,0,1,1,10
1,17,4,4,1,1,5,3,4.0,1.0,2.0,5,0,1,0,1,1,10
2,16,1,1,2,1,4,5,5.0,2.0,4.0,5,1,0,1,1,1,10
3,18,1,2,2,1,3,4,4.0,2.0,4.0,4,1,1,0,1,0,-10
4,17,2,1,2,2,4,2,5.0,1.0,2.0,5,0,0,0,1,1,10
5,17,2,4,1,2,4,3,2.0,1.0,1.0,5,0,1,1,1,1,10
6,15,1,1,3,2,4,2,1.0,1.0,2.0,2,0,0,0,1,1,10
7,15,3,3,1,4,4,3,3.0,1.0,1.0,4,0,1,0,0,1,10
8,19,1,1,3,1,4,4,4.0,3.0,3.0,5,1,0,0,1,1,11
9,17,1,1,1,3,4,3,2.0,1.0,2.0,4,0,1,1,1,1,10
10,16,3,3,1,2,4,3,3.0,2.0,4.0,5,0,1,0,1,1,10
11,15,2,2,3,1,4,3,3.0,1.0,2.0,4,1,1,0,1,1,10
12,17,4,4,1,2,2,3,4.0,1.0,1.0,1,0,1,1,1,1,10
13,16,3,3,2,1,4,3,2.0,1.0,1.0,5,0,1,0,0,0,10
14,17,3,3,1,1,4,3,5.0,3.0,5.0,5,1,1,0,1,0,10
15,19,4,3,1,2,4,3,1.0,1.0,1.0,1,1,1,1,0,1,10
16,16,1,0,2,2,4,3,2.0,1.0,1.0,3,1,1,0,1,1,10
17,18,2,4,1,2,2,3,2.0,1.0,3.0,1,0,1,0,0,1,11
18,16,2,1,1,2,5,3,3.0,1.0,1.0,1,0,1,0,1,1,10
19,18,2,2,2,3,4,2,1.0,1.0,1.0,4,0,0,0,1,1,10
20,16,4,4,1,2,4,5,2.0,1.0,2.0,3,0,1,1,1,1,10
21,19,3,3,1,4,4,3,3.0,1.0,2.0,3,0,1,0,1,1,10
22,18,1,2,2,1,4,1,4.0,5.0,5.0,1,1,1,1,1,0,10
23,19,1,1,3,3,1,5,5.0,4.0,3.0,5,0,1,0,1,1,-10
24,18,3,4,2,2,4,2,5.0,3.0,4.0,1,1,0,1,0,1,10
25,16,4,4,1,2,5,3,2.0,1.0,3.0,2,1,0,1,0,1,10
26,18,4,4,1,2,3,2,4.0,1.0,4.0,2,1,1,0,1,0,10
27,17,3,2,1,1,5,5,5.0,2.0,4.0,5,1,1,0,1,1,13
28,15,3,1,2,4,4,4,2.0,2.0,3.0,3,0,0,1,1,0,10
29,19,2,3,1,1,4,4,4.0,1.0,1.0,2,0,1,0,1,1,-11
30,1987,3,2,1,1,5,3,4.0,2.0,2.0,5,1,0,0,1,0,10
31,17,1,1,2,1,4,5,5.0,1.0,3.0,2,1,0,0,1,0,10
32,15,2,2,3,4,5,4,5.0,2.0,3.0,5,1,1,1,0,1,10
33,18,2,1,4,2,4,3,2.0,4.0,5.0,3,1,1,1,1,1,10
34,18,1,1,2,3,5,3,2.0,1.0,,4,0,1,1,1,1,10
35,16,2,2,2,4,5,3,5.0,1.0,1.0,5,0,0,0,1,0,10
36,18,4,3,1,3,4,3,4.0,1.0,1.0,5,0,1,0,1,1,10
37,18,2,1,1,2,4,3,4.0,1.0,3.0,5,0,1,1,0,0,10
38,17,3,2,1,2,5,4,2.0,1.0,1.0,3,0,1,0,1,1,10
39,15,4,3,2,4,2,2,2.0,1.0,1.0,3,1,1,0,1,1,10
40,17,2,2,2,2,4,3,5.0,1.0,2.0,4,0,0,0,1,1,10
41,16,4,3,1,2,3,4,3.0,2.0,3.0,3,1,1,0,1,1,10
42,19,3,3,1,2,4,3,5.0,3.0,3.0,5,0,1,0,1,1,10
43,16,1,2,2,1,5,4,5.0,1.0,4.0,2,0,0,1,1,1,10
44,16,0,2,2,1,3,2,3.0,1.0,2.0,2,0,0,0,1,1,10
45,16,3,2,1,1,5,4,3.0,1.0,1.0,5,1,1,0,1,0,10
46,15,3,3,2,1,4,1,3.0,1.0,1.0,4,0,0,0,1,0,10
47,15,3,4,1,1,3,4,3.0,1.0,2.0,4,1,1,0,1,1,10
48,15,2,2,1,4,5,1,2.0,1.0,1.0,3,0,1,0,1,1,10
49,15,2,1,3,3,5,2,2.0,1.0,1.0,4,0,1,0,1,1,10
50,17,1,1,1,2,4,3,3.0,1.0,2.0,4,1,1,0,1,0,10
51,18,4,3,1,2,3,1,,1.0,3.0,2,0,1,0,1,1,10
52,16,1,1,1,1,3,4,4.0,3.0,3.0,1,0,1,1,1,1,10
53,16,1,2,1,3,1,3,2.0,1.0,2.0,4,0,1,0,1,1,11
54,16,2,2,1,2,5,1,5.0,1.0,1.0,4,0,1,0,1,0,10
55,16,4,2,2,2,5,3,3.0,1.0,1.0,1,0,1,0,1,1,10
56,18,4,4,1,2,2,4,4.0,1.0,1.0,4,0,1,0,1,1,11
57,16,1,1,4,3,4,4,3.0,1.0,1.0,5,0,0,0,1,1,10
58,17,2,2,1,1,4,5,3.0,1.0,1.0,5,0,1,0,1,1,-10
59,17,1,1,3,1,5,2,1.0,1.0,2.0,1,0,0,0,1,1,11
60,17,1,3,2,1,5,1,2.0,3.0,3.0,5,1,0,1,1,1,10
61,18,1,1,2,1,4,4,3.0,3.0,4.0,4,1,0,0,1,1,-11
62,17,4,3,2,2,2,5,5.0,1.0,4.0,5,1,1,1,1,1,10
63,17,2,2,2,1,4,4,4.0,2.0,3.0,4,1,1,0,1,1,-10
64,17,2,1,2,2,5,3,3.0,1.0,2.0,2,0,0,1,0,1,10
65,18,4,3,2,1,3,2,4.0,1.0,4.0,1,0,1,1,1,1,10
66,16,4,3,1,3,5,3,5.0,1.0,1.0,3,0,1,0,1,1,10
67,16,3,3,2,2,4,4,5.0,1.0,1.0,4,0,1,1,1,1,10
68,19,3,2,1,1,4,5,4.0,1.0,1.0,4,1,1,0,1,1,-10
69,17,4,4,1,2,5,2,5.0,1.0,1.0,5,0,1,0,1,1,10
70,16,4,2,10,2,4,2,3.0,1.0,1.0,3,0,1,0,1,1,10
71,1988,4,4,2,2,4,3,5.0,1.0,2.0,1,0,1,0,1,0,10
72,17,2,3,1,2,5,3,3.0,1.0,3.0,3,1,1,1,1,0,10
73,18,2,2,1,3,4,3,3.0,,2.0,2,0,1,0,1,1,10
74,16,3,1,2,4,4,3,2.0,1.0,1.0,5,1,1,0,1,1,10
75,1989,4,4,1,1,4,2,1.0,1.0,1.0,4,0,1,0,1,1,10
76,16,1,1,1,4,2,2,1.0,1.0,1.0,5,0,1,0,1,1,10
77,18,4,4,2,3,4,2,2.0,2.0,2.0,5,1,1,1,1,1,10
78,17,3,3,1,1,4,4,3.0,,3.0,5,1,1,0,1,1,10
79,17,2,4,1,3,4,4,3.0,1.0,1.0,5,0,0,0,1,1,10
80,16,3,2,1,1,3,1,3.0,1.0,4.0,3,0,1,0,1,1,10
81,17,0,2,2,3,3,3,3.0,2.0,3.0,2,0,1,1,1,1,10
82,17,3,3,2,4,5,4,5.0,3.0,4.0,5,1,1,0,1,1,11
83,16,4,2,1,2,4,5,1.0,1.0,3.0,5,1,1,1,1,1,10
84,18,4,4,3,1,4,4,3.0,2.0,2.0,5,0,0,0,1,1,10
85,18,3,3,1,2,3,2,4.0,2.0,4.0,4,1,1,1,1,1,10
86,16,2,2,1,1,4,2,5.0,1.0,2.0,5,0,1,0,1,1,10
87,15,4,3,1,1,4,5,5.0,1.0,3.0,1,0,1,0,1,1,10
88,17,1,1,2,1,4,4,4.0,1.0,2.0,5,1,1,1,1,1,11
89,16,1,2,2,2,4,3,3.0,1.0,,5,1,0,0,1,1,10
90,16,4,3,1,2,1,3,2.0,1.0,1.0,1,0,1,0,1,1,10
91,17,3,2,1,2,4,3,2.0,2.0,3.0,2,0,1,0,1,1,10
92,15,4,2,1,3,5,3,3.0,1.0,3.0,1,0,1,0,1,1,10
93,18,4,4,1,1,1,4,2.0,2.0,2.0,1,1,1,1,1,1,10
94,16,4,4,1,2,4,4,5.0,5.0,5.0,5,1,1,0,1,1,10
95,18,2,2,1,2,2,3,3.0,1.0,2.0,4,0,0,1,1,1,11
96,17,4,4,1,1,5,2,3.0,1.0,2.0,5,1,1,0,1,1,10
97,15,2,1,1,2,5,4,2.0,1.0,1.0,5,1,0,0,1,1,10
98,17,2,2,1,2,4,4,2.0,5.0,5.0,4,1,1,1,1,0,10
99,18,2,2,2,2,4,3,5.0,1.0,1.0,1,0,1,0,1,0,10
100,15,3,2,2,2,4,3,5.0,1.0,1.0,2,0,1,0,1,1,10
101,15,4,3,1,2,4,3,2.0,1.0,1.0,1,0,1,0,0,1,10
102,18,3,2,2,1,2,5,5.0,5.0,5.0,5,1,0,0,1,0,10
103,17,2,2,1,2,4,2,2.0,1.0,1.0,3,0,1,0,1,1,10
104,16,2,1,1,1,4,4,4.0,3.0,5.0,5,1,1,1,1,1,11
105,18,1,1,3,2,3,4,4.0,2.0,2.0,5,0,1,0,1,1,12
106,16,2,1,1,2,4,2,3.0,1.0,2.0,5,1,1,1,1,1,10
107,18,2,2,1,1,4,3,5.0,2.0,4.0,5,0,1,0,1,1,10
108,18,4,4,2,3,5,4,4.0,1.0,1.0,1,0,0,1,1,1,10
109,16,3,2,1,2,1,2,2.0,1.0,2.0,1,0,1,0,1,1,10
110,19,1,1,2,2,4,3,3.0,1.0,1.0,3,0,0,0,1,1,11
111,16,4,4,1,3,5,4,5.0,1.0,1.0,4,0,1,1,1,1,10
112,20,1,0,2,1,5,3,1.0,1.0,1.0,5,0,1,0,1,1,11
113,17,1,1,2,3,4,3,3.0,1.0,1.0,1,1,0,0,1,0,10
114,18,1,1,4,3,4,3,2.0,1.0,2.0,4,0,0,0,1,1,10
115,15,3,3,1,1,5,3,4.0,4.0,4.0,1,0,1,1,0,1,10
116,16,2,1,2,1,2,4,3.0,2.0,3.0,4,1,1,1,1,1,10
117,18,2,2,2,2,4,1,4.0,1.0,3.0,4,0,1,1,0,1,10
118,16,3,4,3,2,4,2,1.0,1.0,1.0,2,0,0,1,1,0,10
119,15,4,4,1,1,5,4,2.0,1.0,1.0,5,1,1,0,1,1,10
120,18,1,2,2,2,4,1,1.0,1.0,1.0,4,0,1,0,1,1,-10
121,18,1,3,1,1,4,3,3.0,2.0,3.0,3,1,1,1,1,1,-10
122,17,4,3,1,2,3,2,3.0,1.0,2.0,3,0,1,1,1,1,10
123,19,2,1,1,1,5,3,4.0,1.0,4.0,4,1,1,0,1,1,10
124,18,3,2,1,3,4,3,4.0,1.0,2.0,2,0,1,0,1,1,10
125,15,4,4,1,2,5,4,2.0,3.0,4.0,5,1,1,0,1,0,10
126,15,4,3,1,2,4,4,1.0,1.0,1.0,1,1,1,0,1,1,10
127,15,4,4,1,1,5,4,3.0,2.0,4.0,5,1,1,1,1,0,10
128,17,3,4,3,2,5,4,5.0,2.0,4.0,5,1,0,0,1,1,10
129,16,1,1,4,2,5,1,3.0,1.0,1.0,3,0,0,0,1,1,10
130,17,3,3,1,3,3,2,3.0,1.0,1.0,4,0,1,0,1,0,10
131,16,4,4,1,2,4,4,2.0,1.0,1.0,3,0,1,0,1,1,10
132,16,2,2,1,1,1,2,2.0,1.0,3.0,5,0,1,0,1,0,10
133,16,4,4,2,1,5,1,3.0,1.0,2.0,5,0,1,1,1,1,10
134,15,4,2,1,4,3,3,3.0,1.0,1.0,3,1,1,0,1,1,10
135,18,2,1,2,3,4,4,4.0,1.0,1.0,3,0,1,0,1,0,10
136,17,4,4,2,1,4,2,4.0,2.0,3.0,2,0,1,0,1,1,11
137,19,1,1,2,1,5,5,5.0,2.0,3.0,2,0,1,0,1,1,-11
138,19,4,4,1,1,3,2,5.0,4.0,4.0,5,0,1,0,1,1,11
139,17,2,2,1,2,5,4,5.0,1.0,2.0,5,0,1,0,1,0,10
140,15,4,4,1,2,3,2,2.0,1.0,1.0,5,1,1,0,1,1,10
141,18,4,4,1,1,5,4,5.0,1.0,,5,1,1,1,1,1,10
142,15,4,4,4,4,1,3,5.0,3.0,5.0,1,1,0,0,1,1,10
143,17,1,1,2,1,3,5,5.0,2.0,2.0,4,0,0,0,1,1,-10
144,18,2,2,2,2,3,3,3.0,5.0,5.0,4,1,1,0,1,1,13
145,16,1,1,2,2,3,4,3.0,1.0,1.0,1,0,0,0,1,1,13
146,17,3,2,2,1,4,5,2.0,1.0,1.0,2,1,1,0,1,0,-13
147,17,1,1,1,3,4,3,3.0,1.0,1.0,3,0,1,1,1,1,10
148,18,1,1,2,2,2,3,5.0,1.0,4.0,3,0,1,1,1,1,10
149,18,4,2,1,2,4,2,2.0,1.0,1.0,3,0,1,1,1,1,10
150,16,4,4,1,3,5,3,2.0,1.0,1.0,5,0,1,0,1,0,10
151,16,4,4,1,1,3,4,4.0,1.0,4.0,5,1,1,0,1,1,10
152,15,1,1,2,1,4,4,3.0,1.0,2.0,2,0,0,1,1,1,11
153,16,2,2,4,3,5,1,3.0,2.0,2.0,3,1,1,1,1,1,10
154,17,1,1,1,2,4,3,2.0,1.0,1.0,4,0,1,0,1,0,10
155,18,2,3,1,3,4,3,3.0,1.0,2.0,3,0,1,0,1,1,10
156,17,2,2,1,1,3,1,2.0,1.0,1.0,1,0,1,1,0,0,-11
157,17,1,1,1,2,4,5,5.0,1.0,2.0,3,0,1,0,0,1,10
158,17,2,4,1,2,5,4,2.0,2.0,3.0,5,0,1,0,1,1,10
159,17,3,3,1,2,4,3,4.0,1.0,4.0,4,1,1,0,1,0,10
160,19,2,2,1,2,4,3,3.0,1.0,1.0,5,0,1,0,1,1,10
161,19,2,3,1,3,5,4,2.0,1.0,2.0,5,0,0,0,1,0,11
162,16,1,2,1,1,3,3,3.0,1.0,2.0,3,1,1,0,1,1,10
163,15,3,3,1,2,5,3,2.0,1.0,1.0,2,1,1,1,1,0,10
164,17,4,2,1,2,4,3,2.0,1.0,1.0,4,0,1,1,0,1,10
165,17,4,4,2,3,5,3,4.0,1.0,1.0,5,0,0,0,1,1,10
166,17,1,1,1,2,5,3,3.0,1.0,1.0,3,0,1,0,1,0,10
167,16,0,2,1,1,4,3,2.0,2.0,4.0,5,1,1,0,1,0,10
168,19,2,1,2,1,4,4,3.0,1.0,3.0,5,1,1,0,1,0,-13
169,18,2,2,1,3,4,3,3.0,1.0,1.0,3,0,1,0,1,1,10
170,17,1,2,1,1,5,5,5.0,5.0,5.0,3,1,0,1,1,1,10
171,17,2,2,1,1,3,4,4.0,1.0,3.0,5,0,1,1,1,1,10
172,17,3,2,1,4,5,2,2.0,1.0,2.0,5,0,1,0,1,0,10
173,17,3,1,1,3,3,4,3.0,2.0,3.0,5,0,1,0,1,0,10
174,16,3,1,1,1,3,1,3.0,1.0,3.0,1,0,1,0,1,1,10
175,19,1,1,1,3,5,3,1.0,1.0,1.0,3,0,1,0,1,1,-11
176,16,2,2,3,2,5,3,4.0,1.0,1.0,2,0,0,0,1,1,10
177,17,4,4,2,3,4,3,3.0,1.0,2.0,4,0,1,0,1,0,10
178,17,2,2,1,2,3,3,1.0,1.0,2.0,4,0,1,0,0,1,10
179,17,4,2,1,4,4,2,3.0,1.0,1.0,4,0,1,1,1,1,10
180,17,2,1,3,2,2,1,1.0,1.0,1.0,3,0,0,0,1,1,10
181,16,4,4,1,1,5,3,4.0,1.0,2.0,1,0,1,0,1,0,10
182,18,4,4,2,2,4,3,4.0,1.0,1.0,3,0,1,0,0,1,10
183,15,4,4,1,2,4,4,4.0,1.0,1.0,3,0,1,0,1,0,10
184,17,2,2,3,3,4,2,3.0,1.0,1.0,1,0,1,0,1,1,10
185,16,1,1,2,1,4,3,2.0,1.0,4.0,5,0,1,0,1,1,10
186,17,4,3,1,2,5,2,3.0,1.0,1.0,2,1,1,0,1,1,10
187,17,2,3,2,1,5,5,5.0,1.0,3.0,3,0,0,0,1,1,10
188,15,4,2,1,1,3,5,2.0,1.0,1.0,3,1,1,1,1,1,10
189,16,3,1,1,2,3,3,3.0,2.0,3.0,2,0,1,1,1,1,10
190,19,1,1,1,2,4,4,3.0,3.0,4.0,4,1,1,0,1,1,-12
191,16,1,1,1,1,4,4,4.0,2.0,2.0,4,0,0,1,1,1,10
192,18,1,4,1,2,3,4,4.0,1.0,2.0,5,0,1,0,1,0,10
193,16,4,3,1,3,3,4,4.0,2.0,4.0,4,0,1,0,1,1,10
194,16,1,2,1,3,4,4,3.0,1.0,1.0,5,1,1,0,0,1,10
195,18,2,2,2,2,1,3,1.0,1.0,1.0,2,0,1,0,1,0,10
196,17,1,2,1,1,5,3,5.0,5.0,5.0,1,1,1,0,1,1,-11
197,18,3,2,1,3,4,3,3.0,5.0,1.0,5,0,1,0,0,0,10
198,16,4,4,1,2,2,4,4.0,2.0,3.0,4,0,0,0,1,1,10
199,15,4,2,2,1,5,5,5.0,3.0,4.0,5,1,1,1,0,1,10
200,18,2,1,1,2,5,2,4.0,1.0,2.0,4,1,1,0,1,1,10
201,18,3,3,1,2,5,3,4.0,1.0,1.0,4,0,1,0,1,1,10
202,17,2,1,1,2,4,2,3.0,2.0,2.0,2,0,1,1,1,1,10
203,15,4,4,1,2,3,3,3.0,1.0,2.0,2,0,1,0,1,1,10
204,17,4,2,1,3,4,3,4.0,1.0,3.0,5,0,0,0,1,1,10
205,15,2,3,1,2,4,4,4.0,1.0,1.0,1,1,0,0,1,1,10
206,17,4,1,1,1,3,2,2.0,1.0,1.0,5,0,1,0,1,1,10
207,15,4,3,2,2,5,4,3.0,1.0,2.0,3,1,1,0,1,1,10
208,18,1,1,1,2,4,3,2.0,1.0,1.0,5,0,0,0,1,1,11
209,16,4,3,1,1,3,1,3.0,1.0,3.0,5,1,1,1,1,1,10
210,17,4,4,2,2,4,1,4.0,1.0,1.0,1,0,1,0,0,1,10
211,16,2,3,1,2,2,3,1.0,1.0,1.0,3,0,1,0,1,1,10
212,15,4,2,1,3,3,2,2.0,1.0,1.0,5,0,1,0,1,1,10
213,18,2,1,1,2,5,4,5.0,1.0,3.0,5,0,1,0,1,1,-13
214,16,2,2,2,2,3,3,3.0,1.0,2.0,3,0,1,1,1,0,10
215,16,1,1,2,1,4,2,2.0,4.0,3.0,2,0,0,0,1,1,10
216,16,4,4,1,1,5,3,2.0,1.0,2.0,5,1,1,0,1,1,10
217,15,2,2,2,2,5,3,3.0,1.0,3.0,4,1,1,1,1,1,10
218,18,4,4,1,3,4,3,3.0,2.0,2.0,3,1,1,0,1,1,10
219,17,4,4,1,2,5,3,1.0,1.0,4.0,5,0,1,0,1,1,10
220,16,4,3,1,1,5,4,5.0,1.0,1.0,3,1,1,1,1,0,10
221,15,3,2,1,2,4,4,4.0,1.0,1.0,5,0,1,1,1,1,10
222,17,3,3,1,1,4,1,4.0,5.0,5.0,3,1,1,0,1,1,10
223,15,4,2,1,2,4,3,3.0,2.0,2.0,5,1,1,0,1,1,10
224,18,3,3,1,2,4,1,3.0,1.0,2.0,1,0,1,0,1,1,10
225,16,2,1,1,1,5,4,3.0,1.0,1.0,5,0,0,1,1,1,10
226,18,1,1,2,2,1,1,1.0,1.0,1.0,5,0,1,0,1,1,10
227,16,2,2,1,2,5,4,3.0,1.0,1.0,1,0,0,1,1,1,10
228,15,3,4,4,2,5,3,3.0,1.0,1.0,5,1,0,0,1,1,10
229,15,2,1,1,1,4,3,3.0,1.0,2.0,5,1,1,1,0,1,10
230,18,1,1,2,2,4,4,3.0,1.0,1.0,3,0,1,1,1,0,10
231,16,2,2,1,2,3,1,2.0,1.0,1.0,5,0,1,0,1,1,11
232,17,2,1,2,1,3,3,2.0,2.0,2.0,5,1,0,1,1,1,-11
233,16,1,2,1,2,4,4,3.0,1.0,1.0,1,0,1,1,1,1,10
234,18,4,4,2,2,4,3,4.0,,2.0,4,0,0,0,1,1,10
235,16,2,2,2,1,5,4,3.0,2.0,4.0,4,1,0,0,1,1,10
236,17,4,4,3,1,3,3,3.0,1.0,3.0,5,1,0,0,1,1,13
237,16,4,3,1,4,4,2,2.0,1.0,1.0,2,1,1,0,1,1,10
238,18,2,2,1,2,4,4,4.0,1.0,3.0,3,1,1,1,1,0,-10
239,16,4,1,1,1,4,1,2.0,2.0,1.0,2,1,0,1,1,1,10
240,15,2,1,1,2,4,4,2.0,3.0,3.0,2,0,1,0,1,0,10
241,16,3,3,3,1,3,3,4.0,3.0,5.0,3,1,0,1,1,1,10
242,17,4,3,1,2,3,4,5.0,2.0,4.0,1,0,1,0,1,1,10
243,16,4,4,2,3,5,3,5.0,1.0,4.0,5,0,1,0,1,1,10
244,18,3,1,1,2,4,3,4.0,1.0,1.0,1,0,1,1,1,1,10
245,19,1,1,1,1,1,4,4.0,1.0,1.0,5,0,1,1,0,1,-10
246,17,2,2,2,2,5,1,3.0,1.0,1.0,5,0,0,0,1,1,10
247,17,2,4,2,2,4,3,3.0,1.0,1.0,1,0,1,0,1,1,10
248,15,4,2,1,2,4,3,3.0,1.0,1.0,5,0,1,1,1,1,10
249,18,4,2,1,2,5,4,5.0,1.0,3.0,5,1,1,0,1,1,10
250,18,1,2,25,2,4,3,3.0,1.0,1.0,5,0,1,0,0,1,12
251,18,3,3,1,2,5,3,4.0,1.0,1.0,5,0,1,0,1,1,10
252,18,4,4,1,2,4,3,3.0,2.0,2.0,2,1,1,0,1,1,10
253,17,1,1,1,3,4,3,4.0,1.0,1.0,5,0,1,0,1,1,10
254,16,4,2,1,2,4,2,3.0,1.0,1.0,5,0,1,0,1,1,10
255,17,3,2,1,1,4,4,4.0,3.0,4.0,3,1,1,1,0,1,10
256,18,2,1,2,2,5,3,3.0,1.0,2.0,1,0,1,0,1,1,10
257,15,3,2,1,2,3,3,2.0,1.0,1.0,3,0,1,0,1,1,11
258,18,1,1,2,2,5,4,4.0,1.0,1.0,4,0,1,0,1,1,10
259,17,2,2,3,4,1,3,5.0,3.0,5.0,3,1,0,1,1,1,11
260,15,3,3,2,1,4,3,3.0,2.0,4.0,3,1,1,0,1,0,10
261,17,3,2,2,2,1,2,3.0,1.0,2.0,5,0,1,1,0,1,10
262,16,1,1,4,1,5,5,5.0,5.0,5.0,5,0,1,0,1,0,10
263,15,3,3,1,2,1,3,2.0,2.0,3.0,1,0,1,0,0,0,10
264,16,2,2,2,2,4,4,4.0,1.0,1.0,5,0,0,0,1,1,10
265,17,3,1,2,4,3,1,2.0,1.0,1.0,3,0,0,1,1,1,10
266,16,2,2,2,2,4,4,2.0,1.0,1.0,3,1,1,0,1,0,10
267,15,4,4,1,1,5,3,3.0,1.0,1.0,5,1,1,0,1,0,10
268,17,1,1,1,2,5,3,3.0,1.0,1.0,3,0,1,0,1,1,10
269,16,2,2,1,3,4,3,3.0,2.0,2.0,5,0,0,1,1,0,10
270,18,1,1,3,2,4,4,2.0,1.0,2.0,2,0,1,0,1,1,-11
271,18,2,1,1,2,4,2,5.0,1.0,2.0,1,0,1,0,1,1,10
272,18,2,2,2,3,5,3,3.0,1.0,3.0,4,0,0,0,1,1,10
273,15,4,3,1,3,5,4,3.0,1.0,1.0,4,1,1,1,1,1,10
274,18,1,1,2,1,3,3,2.0,1.0,2.0,3,1,1,1,1,0,10
275,18,2,1,1,1,3,2,5.0,2.0,5.0,5,1,1,0,1,0,-12
276,17,4,3,1,2,5,2,2.0,1.0,2.0,5,0,1,0,0,1,10
277,16,4,4,1,1,4,4,4.0,1.0,2.0,2,0,1,0,1,1,10
278,18,1,1,2,4,5,2,2.0,1.0,1.0,3,0,0,1,1,1,10
279,16,4,4,1,3,5,3,3.0,1.0,3.0,5,1,1,0,1,1,10
280,17,1,1,1,2,4,3,4.0,1.0,2.0,5,0,1,0,1,1,10
281,17,4,3,2,2,4,4,4.0,4.0,4.0,4,1,1,1,1,1,10
282,16,4,3,1,1,4,2,5.0,1.0,5.0,5,1,1,1,1,1,10
283,15,1,1,1,2,4,3,2.0,2.0,3.0,4,0,1,0,1,0,10
284,17,2,2,2,2,5,3,2.0,1.0,1.0,1,0,0,0,1,1,10
285,16,3,1,1,4,4,3,3.0,,2.0,5,0,1,0,1,1,10
286,17,2,2,2,1,5,5,5.0,3.0,5.0,5,1,0,0,1,1,-10
287,1988,2,2,2,1,5,5,5.0,1.0,1.0,3,0,0,0,1,1,-11
288,16,1,1,1,2,4,4,4.0,1.0,3.0,5,1,1,1,1,1,12
289,17,2,2,2,1,5,2,2.0,1.0,1.0,4,1,0,0,1,0,-10
290,18,2,1,2,2,4,3,1.0,1.0,1.0,5,0,1,0,1,1,10
291,17,1,1,2,1,4,4,5.0,1.0,2.0,5,0,0,0,1,0,10
292,18,3,4,1,2,4,3,3.0,1.0,3.0,5,1,1,1,1,1,10
293,16,1,1,2,2,3,4,2.0,1.0,1.0,5,1,1,1,1,1,10
294,18,3,2,1,3,5,4,3.0,2.0,3.0,1,0,1,0,1,1,10
295,18,1,1,2,3,4,5,5.0,1.0,2.0,2,0,1,0,1,1,10
296,18,4,3,1,2,4,3,2.0,1.0,1.0,3,1,1,0,1,0,10
297,16,2,2,1,2,3,3,4.0,1.0,1.0,4,0,1,0,0,1,10
298,20,1,1,2,3,3,2,2.0,1.0,3.0,3,0,0,0,1,1,10
299,16,4,4,2,3,4,2,2.0,1.0,1.0,4,0,0,0,1,1,10
300,17,1,1,3,1,4,2,3.0,3.0,4.0,4,1,0,0,1,0,-10
301,16,3,4,1,1,3,2,1.0,1.0,4.0,5,0,1,0,0,1,10
302,17,1,3,3,2,5,2,4.0,1.0,4.0,5,1,0,0,1,1,11
303,18,2,1,2,1,4,4,3.0,1.0,3.0,5,1,0,0,1,0,10
304,15,2,2,1,1,5,4,1.0,1.0,1.0,1,1,1,0,1,1,10
305,17,1,1,3,2,5,1,3.0,3.0,3.0,1,1,1,0,1,1,10
306,17,2,2,1,3,3,4,3.0,1.0,1.0,3,0,1,0,1,1,10
307,16,1,1,2,1,3,3,3.0,1.0,2.0,1,0,0,0,1,1,10
308,18,1,2,3,2,4,3,4.0,1.0,4.0,5,0,0,1,0,1,10
309,16,3,1,1,2,2,3,3.0,,2.0,4,0,1,0,0,1,10
310,17,4,4,1,2,4,4,4.0,1.0,3.0,5,1,1,1,1,1,10
311,18,3,1,1,2,5,3,3.0,1.0,1.0,4,0,0,0,1,1,10
312,17,1,0,2,2,4,4,5.0,1.0,1.0,4,0,1,0,0,1,10
313,18,2,2,1,2,5,5,4.0,3.0,5.0,2,1,1,0,1,1,-10
314,15,2,2,1,1,4,2,2.0,1.0,2.0,5,1,1,0,1,1,10
315,16,4,4,1,2,4,1,3.0,3.0,5.0,5,1,1,1,0,1,10
316,17,3,3,2,1,4,4,3.0,1.0,1.0,4,0,1,0,1,1,10
317,18,2,3,1,1,3,1,3.0,4.0,5.0,4,1,0,0,1,1,10
318,18,2,1,1,3,4,2,4.0,1.0,3.0,2,1,1,0,1,1,10
319,17,4,2,1,2,5,5,5.0,1.0,3.0,5,0,1,0,1,1,10
320,17,1,1,1,1,4,3,2.0,1.0,2.0,5,0,1,0,1,1,10
321,19,1,1,2,2,3,5,4.0,1.0,4.0,1,0,0,0,0,1,-13
322,17,2,3,2,1,3,3,3.0,1.0,4.0,3,0,1,0,1,1,10
323,18,3,1,2,1,3,3,4.0,4.0,5.0,4,1,1,1,1,1,10
324,15,2,2,1,4,5,5,4.0,1.0,2.0,5,1,1,0,1,1,10
325,15,2,2,2,2,4,1,3.0,1.0,3.0,4,0,0,1,1,1,10
326,17,4,4,1,1,4,2,1.0,1.0,2.0,5,1,1,0,1,0,10
327,16,1,3,1,2,4,3,5.0,1.0,1.0,3,0,1,0,1,0,10
328,15,3,3,1,2,4,5,4.0,1.0,1.0,1,0,0,0,1,1,10
329,17,2,2,4,1,4,4,5.0,5.0,5.0,4,1,0,0,1,1,10
330,16,4,3,2,1,3,3,3.0,1.0,1.0,4,1,0,0,1,0,10
331,15,2,2,1,4,4,3,4.0,1.0,1.0,4,1,1,1,1,1,10
332,16,2,2,3,2,4,3,3.0,2.0,3.0,4,0,1,1,1,1,10
333,16,1,1,3,2,4,3,2.0,1.0,3.0,5,0,1,1,1,1,10
334,15,4,4,2,1,1,5,1.0,3.0,5.0,5,0,0,0,1,1,10
335,15,3,3,1,2,5,3,3.0,1.0,1.0,5,1,1,1,1,1,10
336,17,0,0,2,1,4,4,3.0,1.0,1.0,5,0,0,0,1,1,10
337,16,2,3,1,2,4,3,3.0,1.0,1.0,2,0,1,0,1,1,10
338,17,1,1,1,2,4,4,4.0,1.0,3.0,1,0,1,0,1,0,10
339,15,1,2,1,2,2,3,4.0,2.0,4.0,1,0,1,0,1,0,10
340,17,2,2,1,1,5,1,3.0,1.0,2.0,5,0,0,0,1,1,10
341,17,2,2,1,2,4,3,4.0,1.0,3.0,4,0,1,0,1,1,10
342,17,2,1,2,1,4,5,1.0,1.0,1.0,3,1,1,0,1,1,-13
343,17,3,3,2,2,4,5,4.0,2.0,3.0,3,1,1,0,1,1,11
344,1990,2,3,1,2,4,4,3.0,1.0,3.0,4,0,1,0,1,1,10
345,17,4,3,2,3,4,4,2.0,1.0,1.0,4,0,0,0,1,1,10
346,18,1,0,3,1,4,3,2.0,1.0,1.0,4,1,0,0,1,1,11
347,17,4,2,2,4,4,2,3.0,3.0,1.0,5,0,1,0,1,1,10
348,15,3,4,1,3,4,3,2.0,1.0,1.0,5,0,0,0,1,1,10
349,17,2,1,1,2,4,3,5.0,2.0,4.0,4,0,1,0,1,1,10
350,17,3,1,2,1,2,4,5.0,3.0,4.0,2,1,1,1,1,0,10
351,18,3,4,1,2,4,3,5.0,1.0,4.0,2,1,1,1,0,1,10
352,18,4,3,1,4,4,3,3.0,1.0,1.0,3,0,1,0,1,1,10
353,16,4,4,1,1,4,1,2.0,2.0,5.0,5,1,1,1,1,1,10
354,18,4,2,1,2,5,3,1.0,1.0,1.0,5,0,0,1,0,1,10
355,15,1,3,3,1,4,2,4.0,3.0,5.0,3,1,0,1,1,1,10
356,18,4,3,2,2,4,4,5.0,1.0,2.0,2,0,1,1,1,1,10
357,18,2,3,1,4,4,5,5.0,1.0,3.0,2,0,1,0,1,1,10
358,15,4,0,2,4,3,4,3.0,1.0,1.0,1,1,1,0,1,1,10
359,16,4,4,1,1,3,5,5.0,2.0,5.0,4,1,0,0,1,1,10
360,16,2,2,2,2,4,3,3.0,2.0,2.0,5,0,1,1,1,1,11
361,17,3,2,2,2,4,4,4.0,1.0,3.0,1,0,1,1,1,1,10
362,17,2,2,1,3,4,3,3.0,1.0,1.0,4,0,1,0,1,1,10
363,17,2,1,3,1,5,5,5.0,5.0,5.0,3,1,0,0,1,1,-10
364,16,3,4,1,2,2,4,3.0,1.0,2.0,3,0,1,0,1,1,10
365,18,1,2,2,2,4,4,3.0,1.0,2.0,4,0,1,1,0,1,10
366,18,3,2,1,1,2,3,1.0,2.0,2.0,5,1,0,0,1,1,-11
367,18,2,2,2,3,5,4,5.0,1.0,4.0,3,0,1,1,1,1,10
368,16,1,1,4,4,4,3,2.0,1.0,1.0,1,0,0,0,1,0,10
369,18,2,3,2,1,5,2,3.0,1.0,2.0,4,0,1,0,1,1,10
370,15,2,1,4,1,4,5,5.0,2.0,5.0,5,1,1,1,0,1,10
371,18,4,4,3,1,2,5,5.0,1.0,1.0,1,1,0,0,1,1,10
372,17,1,0,1,1,4,1,2.0,1.0,1.0,5,1,1,1,0,1,10
373,16,3,3,3,2,5,3,3.0,1.0,3.0,2,1,1,0,1,0,11
374,19,2,1,2,3,4,3,1.0,1.0,1.0,5,1,0,1,1,1,11
375,17,4,4,1,1,5,2,1.0,1.0,2.0,3,0,0,1,1,1,10
376,16,3,3,1,1,4,5,4.0,1.0,1.0,4,0,1,0,1,1,-10
377,21,4,4,1,3,3,3,2.0,1.0,1.0,5,0,1,1,1,1,12
378,15,3,4,2,3,4,2,2.0,2.0,2.0,5,0,0,0,1,1,10
379,18,1,1,2,2,4,3,3.0,1.0,4.0,5,1,1,1,1,1,10
380,18,1,1,3,1,5,2,5.0,1.0,5.0,4,0,0,0,1,0,13
381,18,3,2,2,2,4,1,1.0,1.0,1.0,5,0,0,0,0,0,-10
382,16,4,4,1,3,3,2,3.0,1.0,2.0,2,0,1,0,1,1,10
383,18,4,4,1,2,4,2,4.0,1.0,1.0,4,0,1,1,0,1,10
384,17,2,1,3,1,5,5,3.0,1.0,1.0,3,0,0,0,1,1,-10
385,16,2,1,2,2,5,2,1.0,1.0,1.0,2,1,0,0,1,1,10
386,17,1,2,1,2,3,1,3.0,1.0,5.0,3,1,0,0,1,1,10
387,17,3,1,1,2,5,4,4.0,3.0,4.0,5,1,1,0,1,1,10
388,17,2,2,2,2,4,4,4.0,2.0,3.0,5,0,1,1,1,1,10
389,18,4,4,2,1,3,2,4.0,1.0,4.0,3,1,1,0,1,1,10
390,18,1,2,1,2,3,4,4.0,2.0,3.0,5,0,1,0,1,1,11
391,18,1,1,1,2,5,2,3.0,1.0,2.0,3,0,1,1,0,1,10
392,20,3,3,2,2,3,3,4.0,2.0,4.0,3,0,1,0,1,1,11
393,15,1,1,4,2,5,4,5.0,2.0,4.0,4,1,0,0,1,1,10
394,15,4,4,2,1,4,3,2.0,1.0,1.0,5,0,1,0,1,1,10
395,16,1,1,1,2,5,4,3.0,2.0,1.0,2,0,1,0,1,0,10
396,16,3,3,2,1,5,4,2.0,1.0,1.0,5,1,1,0,1,1,10
397,17,3,3,1,2,5,3,3.0,1.0,1.0,5,0,1,1,0,1,10
398,17,4,4,1,3,5,4,4.0,1.0,,4,0,1,0,1,1,10
399,16,2,2,2,1,2,3,3.0,2.0,2.0,2,1,1,1,1,1,10
400,16,2,1,2,1,3,3,2.0,1.0,3.0,3,1,0,0,1,0,10
401,16,4,3,3,2,5,4,3.0,1.0,2.0,1,0,1,1,1,1,10
402,18,3,4,1,1,5,4,4.0,1.0,1.0,1,0,1,0,1,1,10
403,20,1,1,2,1,4,4,3.0,2.0,4.0,4,1,0,0,1,1,-11
404,17,4,3,2,2,4,5,5.0,1.0,3.0,2,1,0,0,1,0,11
405,18,4,3,1,1,5,4,4.0,,4.0,2,0,0,0,0,1,10
406,17,3,2,1,2,5,3,4.0,1.0,3.0,3,0,1,0,1,0,10
407,16,2,2,3,1,4,2,2.0,1.0,2.0,3,1,0,0,1,0,10
408,17,4,4,1,3,4,4,3.0,1.0,2.0,5,1,1,1,1,1,10
409,16,1,2,1,1,4,4,4.0,2.0,4.0,5,1,0,1,1,1,10
410,17,1,1,4,2,5,3,5.0,1.0,5.0,5,1,0,1,1,1,-10
411,17,2,1,2,3,3,2,3.0,1.0,2.0,3,0,1,0,0,1,10
412,17,3,3,1,2,3,3,3.0,1.0,3.0,3,0,1,0,0,0,10
413,18,3,2,1,3,5,3,2.0,1.0,1.0,3,1,0,0,1,0,10
414,18,2,2,2,4,4,4,4.0,1.0,1.0,4,0,0,0,1,1,10
415,18,2,2,1,1,4,4,3.0,2.0,2.0,1,1,1,0,1,0,-11
416,17,3,4,1,3,4,3,4.0,2.0,5.0,5,0,0,0,1,0,10
417,16,2,2,1,1,5,3,4.0,1.0,1.0,5,0,1,0,0,1,11
418,18,1,2,3,1,4,3,3.0,2.0,3.0,3,1,0,1,1,1,-10
419,16,2,2,2,2,4,1,2.0,2.0,2.0,5,1,1,1,0,0,10
420,17,4,4,2,2,4,3,3.0,1.0,2.0,5,0,0,0,1,1,10
421,16,3,4,3,2,3,4,5.0,1.0,2.0,5,1,0,0,1,0,10
422,15,4,3,1,2,4,3,3.0,2.0,3.0,5,1,1,0,1,1,10
423,16,1,1,2,2,5,4,5.0,4.0,5.0,3,1,1,0,1,1,10
424,16,3,3,1,3,4,3,3.0,1.0,3.0,4,0,1,0,1,1,10
425,15,3,3,2,3,4,2,1.0,2.0,3.0,3,0,0,0,1,1,10
426,17,4,4,2,2,3,3,3.0,2.0,3.0,4,1,0,1,0,1,10
427,17,1,1,1,2,4,4,3.0,2.0,4.0,5,1,1,0,1,0,10
428,17,4,1,1,1,4,2,3.0,1.0,2.0,5,0,0,0,1,1,10
429,16,2,2,1,2,3,3,2.0,1.0,1.0,3,0,0,0,0,0,10
430,17,4,2,2,2,4,3,3.0,1.0,2.0,4,0,1,0,1,1,10
431,15,1,1,2,2,4,3,3.0,1.0,1.0,2,0,0,0,1,1,10
432,16,2,2,3,2,3,4,5.0,1.0,2.0,1,0,0,0,1,1,-10
433,16,2,3,2,3,3,2,3.0,2.0,2.0,1,1,1,0,1,0,10
434,17,1,2,2,2,3,2,2.0,1.0,2.0,3,0,0,0,1,0,10
435,1990,4,3,1,2,4,3,5.0,1.0,5.0,2,0,1,0,1,1,10
436,16,3,3,1,2,4,5,5.0,4.0,4.0,5,1,1,0,1,1,11
437,1988,3,2,2,3,3,3,2.0,1.0,1.0,2,0,0,1,0,0,-12
438,17,3,2,1,2,4,4,4.0,1.0,2.0,5,1,1,1,0,1,10
439,16,1,2,1,3,4,3,4.0,1.0,1.0,3,0,0,0,1,0,10
440,18,4,3,2,1,4,2,3.0,1.0,2.0,1,1,1,1,1,1,10
441,15,1,1,3,1,5,5,5.0,1.0,1.0,1,0,0,0,1,1,11
442,17,3,1,1,1,4,1,2.0,1.0,1.0,3,0,1,0,1,1,11
443,17,1,2,2,2,4,4,4.0,4.0,5.0,5,1,1,0,1,0,10
444,16,4,4,1,2,4,3,3.0,2.0,3.0,2,0,0,0,1,0,10
445,16,2,3,2,1,5,3,3.0,1.0,1.0,3,1,1,0,1,1,10
446,15,3,4,1,2,5,5,1.0,1.0,1.0,5,1,1,0,1,1,10
447,1988,2,1,2,2,4,3,5.0,1.0,2.0,3,0,0,0,1,1,-10
448,16,1,2,1,1,5,3,5.0,1.0,2.0,5,0,1,0,1,1,-10
449,18,2,2,1,4,4,5,5.0,2.0,4.0,5,1,1,1,1,1,10
450,15,2,1,2,1,1,3,4.0,1.0,1.0,1,0,0,1,1,1,-10
451,15,4,4,1,2,4,3,3.0,1.0,1.0,5,1,1,0,1,1,10
452,19,0,1,1,2,3,4,2.0,1.0,1.0,5,0,1,0,1,0,-12
453,18,3,3,2,2,4,3,2.0,1.0,3.0,3,0,1,0,1,1,10
454,17,4,3,2,2,5,5,4.0,1.0,1.0,1,0,1,0,1,1,10
455,18,3,3,1,2,4,1,4.0,1.0,1.0,3,0,1,0,1,1,10
456,17,2,3,2,2,4,2,1.0,1.0,1.0,3,0,1,0,1,1,10
457,15,4,2,1,1,2,2,4.0,2.0,4.0,1,1,1,0,1,1,10
458,17,2,2,2,2,4,5,2.0,1.0,1.0,1,1,0,0,1,1,10
459,15,4,4,1,3,4,3,3.0,1.0,1.0,5,0,1,0,1,1,10
460,17,1,1,1,3,4,3,3.0,1.0,1.0,3,0,1,0,1,1,10
461,16,4,1,1,2,5,3,3.0,1.0,2.0,5,0,1,0,0,1,10
462,18,2,2,3,2,4,3,3.0,1.0,1.0,4,0,0,0,1,1,11
463,15,1,1,2,2,5,4,3.0,1.0,2.0,4,0,0,1,1,1,10
464,15,1,1,1,2,4,4,2.0,1.0,2.0,5,0,1,0,1,1,10
465,18,2,2,1,2,4,3,3.0,1.0,1.0,2,0,1,1,1,0,10
466,18,2,4,2,2,4,3,3.0,1.0,1.0,3,0,1,1,0,1,11
467,16,2,2,2,4,1,2,1.0,1.0,1.0,1,0,1,1,0,0,-10
468,18,2,2,1,2,4,4,4.0,2.0,4.0,5,1,1,0,1,1,10
469,17,4,4,2,1,4,1,1.0,2.0,2.0,5,1,1,1,1,1,10
470,15,1,1,1,2,3,3,4.0,2.0,4.0,5,0,0,0,1,0,10
471,17,2,2,3,1,4,4,5.0,1.0,2.0,5,1,0,0,1,0,11
472,16,2,2,3,2,4,4,5.0,1.0,1.0,4,0,0,0,1,1,10
473,16,2,2,3,1,4,3,2.0,1.0,1.0,4,0,0,1,1,1,10
474,15,3,1,2,1,3,2,3.0,1.0,3.0,4,1,1,0,1,1,10
475,16,2,3,2,2,3,3,3.0,1.0,1.0,2,0,0,0,1,1,10
476,20,3,2,1,1,5,5,3.0,1.0,1.0,5,1,1,0,0,1,12
477,17,1,2,1,1,3,5,5.0,1.0,3.0,1,0,0,0,1,1,10
478,15,3,2,1,2,4,2,2.0,1.0,1.0,1,1,1,1,0,1,10
479,16,1,2,2,1,4,4,5.0,3.0,5.0,5,1,1,1,1,0,12
480,18,3,3,2,1,4,1,1.0,1.0,1.0,3,0,1,0,1,1,-11
481,17,4,2,2,2,4,3,3.0,2.0,3.0,5,0,0,0,1,0,10
482,15,1,2,1,2,4,3,2.0,1.0,,5,0,1,0,1,0,10
483,19,1,1,2,2,1,1,4.0,4.0,1.0,1,0,1,0,1,1,11
484,19,1,1,3,2,5,3,4.0,1.0,1.0,4,0,1,1,0,0,12
485,15,1,2,3,2,5,5,5.0,1.0,3.0,5,1,0,0,1,1,10
486,16,2,2,2,2,5,4,4.0,2.0,4.0,5,1,1,1,1,1,10
487,15,1,1,1,1,4,1,3.0,1.0,1.0,2,0,0,0,1,1,11
488,16,4,4,1,3,4,4,3.0,1.0,1.0,4,1,1,0,1,1,10
489,17,1,2,1,1,5,5,1.0,1.0,1.0,3,0,1,1,1,1,10
490,16,3,3,1,1,4,3,2.0,3.0,4.0,5,1,0,0,1,1,10
491,16,4,4,1,1,3,3,2.0,2.0,1.0,5,1,1,0,1,1,-10
492,18,4,2,2,1,5,4,3.0,4.0,3.0,3,1,0,0,1,1,11
493,16,3,3,1,2,2,3,5.0,1.0,4.0,3,0,1,1,0,1,10
494,16,2,3,2,2,4,5,2.0,1.0,2.0,5,0,0,0,1,1,10
495,17,3,1,2,3,4,2,3.0,2.0,2.0,3,0,0,1,0,1,-10
496,17,3,3,1,1,4,2,5.0,2.0,5.0,5,0,1,0,1,1,10
497,16,2,2,1,2,5,4,4.0,1.0,1.0,5,0,1,0,1,1,10
498,19,1,1,50,2,5,4,4.0,3.0,3.0,2,1,0,0,1,1,11
499,16,4,4,2,3,2,4,3.0,1.0,1.0,5,1,0,0,0,1,10
500,18,3,2,2,1,4,4,5.0,2.0,4.0,5,1,1,0,1,1,-10
501,19,1,1,2,1,4,3,2.0,1.0,3.0,5,1,0,0,1,1,11
502,17,2,2,1,3,3,3,2.0,2.0,2.0,3,0,0,1,1,1,10
503,17,4,4,1,2,5,3,5.0,4.0,5.0,3,1,1,1,1,1,10
504,15,2,2,2,3,5,3,2.0,1.0,1.0,4,0,1,0,1,1,10
505,15,1,1,3,1,4,3,3.0,1.0,2.0,4,0,1,0,1,0,10
506,15,3,4,1,2,5,4,4.0,1.0,1.0,1,1,1,0,0,1,10
507,17,3,1,1,2,4,5,4.0,2.0,3.0,1,0,0,0,1,0,10
508,16,2,1,3,1,4,3,3.0,1.0,1.0,4,1,1,0,1,1,10
509,16,2,1,4,1,3,2,1.0,1.0,1.0,2,1,1,0,1,1,10
510,16,4,2,1,1,4,3,3.0,3.0,4.0,3,1,0,0,1,1,10
511,17,4,1,2,1,4,5,4.0,2.0,4.0,5,1,1,1,0,1,10
512,16,2,2,1,2,4,3,5.0,2.0,4.0,4,1,1,0,1,1,-10
513,17,2,3,2,2,4,4,3.0,1.0,1.0,3,1,1,0,1,1,10
514,17,2,2,1,1,5,3,2.0,1.0,2.0,3,0,0,0,1,1,10
515,20,2,1,2,2,1,2,3.0,1.0,2.0,2,0,0,0,1,1,-10
516,18,1,1,1,1,2,3,5.0,2.0,5.0,4,1,1,1,1,1,-12
517,17,4,4,1,2,4,5,5.0,1.0,3.0,2,1,1,0,1,1,10
518,16,4,4,1,2,4,2,4.0,2.0,4.0,1,1,1,0,1,1,10
519,16,3,3,1,3,5,3,3.0,1.0,1.0,5,1,1,0,1,1,10
520,16,2,1,2,2,4,2,2.0,1.0,4.0,5,1,1,0,1,0,10
521,17,1,1,1,1,5,4,4.0,2.0,2.0,5,0,0,0,1,0,-11
522,1991,4,3,1,2,5,2,2.0,1.0,1.0,5,0,1,1,0,1,10
523,16,2,2,2,2,4,4,4.0,2.0,3.0,5,0,0,0,1,0,11
524,15,4,4,2,2,4,4,3.0,1.0,1.0,2,1,1,0,1,1,10
525,17,3,3,1,2,4,3,4.0,2.0,3.0,4,1,1,0,1,1,10
526,16,2,4,2,2,4,2,2.0,1.0,2.0,5,0,1,1,1,1,10
527,18,1,1,2,1,3,2,3.0,1.0,1.0,2,0,0,0,1,0,-11
528,15,1,2,1,2,3,2,3.0,1.0,2.0,1,0,1,0,1,0,10
529,15,4,4,1,1,4,3,3.0,1.0,3.0,5,1,1,1,1,1,10
530,18,1,1,1,3,4,4,3.0,2.0,3.0,3,0,1,1,1,0,10
531,16,3,4,1,2,5,3,3.0,1.0,1.0,5,1,1,1,0,1,10
532,16,1,3,2,1,4,3,3.0,1.0,3.0,5,0,1,0,1,1,-10
533,15,2,3,2,1,3,5,1.0,1.0,1.0,5,0,1,0,1,1,10
534,16,4,4,1,2,4,3,4.0,1.0,2.0,3,0,1,0,1,1,10
535,16,1,1,3,2,5,3,2.0,1.0,1.0,1,0,0,1,1,1,10
536,16,2,1,1,2,4,3,5.0,1.0,1.0,5,0,1,0,1,1,10
537,18,4,4,1,1,4,2,5.0,3.0,4.0,5,1,1,1,1,1,10
538,17,4,2,2,3,4,3,3.0,1.0,1.0,3,0,1,0,1,1,10
539,19,2,3,2,1,2,2,3.0,3.0,4.0,5,0,1,1,0,1,-11
540,15,4,1,1,2,5,3,4.0,1.0,2.0,2,1,0,1,1,1,10
541,17,4,3,1,3,4,2,2.0,1.0,2.0,3,0,1,0,1,1,10
542,15,1,2,1,2,4,3,2.0,1.0,1.0,5,1,1,1,1,1,10
543,16,3,2,2,3,5,3,3.0,1.0,3.0,2,1,1,0,1,1,10
544,17,1,2,1,2,3,5,2.0,2.0,2.0,1,1,0,0,1,0,10
545,16,1,2,1,2,4,4,5.0,1.0,3.0,3,0,0,1,1,1,-10
546,16,2,2,1,2,4,4,4.0,1.0,1.0,3,1,1,1,1,1,10
547,15,2,3,1,3,5,3,2.0,1.0,2.0,5,1,1,0,1,0,10
548,1990,2,1,1,2,3,2,2.0,1.0,1.0,3,0,1,1,1,1,10
549,15,4,4,1,1,3,3,4.0,2.0,3.0,5,0,1,0,1,1,10
550,16,4,1,2,2,1,2,4.0,2.0,2.0,1,0,1,1,1,1,10
551,16,2,2,1,4,5,2,3.0,1.0,3.0,3,0,1,0,1,1,10
552,18,2,2,1,2,5,3,1.0,1.0,1.0,5,0,1,1,1,0,11
553,16,3,3,1,2,4,3,2.0,1.0,2.0,5,0,1,0,1,1,10
554,18,3,2,1,2,3,1,2.0,1.0,2.0,1,0,1,0,1,0,10
555,18,4,3,1,3,5,4,5.0,2.0,3.0,5,1,1,0,1,1,10
556,18,3,3,1,2,4,4,5.0,1.0,3.0,3,1,1,0,1,1,-12
557,1989,2,2,1,1,1,2,1.0,2.0,3.0,5,1,1,0,1,1,11
558,16,3,3,3,2,5,3,2.0,1.0,1.0,4,0,1,0,1,1,10
559,15,1,1,1,2,4,3,2.0,2.0,3.0,3,0,1,1,1,1,10
560,16,2,1,1,2,5,3,4.0,1.0,1.0,2,0,1,0,0,1,10
561,17,4,3,1,3,4,4,3.0,1.0,3.0,4,0,1,0,1,1,10
562,15,4,3,1,2,4,4,4.0,2.0,4.0,2,0,1,1,1,1,10
563,19,3,2,2,1,3,2,1.0,1.0,1.0,3,1,1,0,1,1,13
564,19,3,3,1,2,4,5,3.0,1.0,2.0,5,1,0,0,1,1,10
565,18,3,3,1,4,5,3,3.0,1.0,1.0,1,0,1,1,1,1,10
566,16,1,3,1,1,5,3,3.0,1.0,4.0,2,1,1,0,1,1,-11
567,18,4,4,1,4,5,5,5.0,5.0,5.0,5,1,1,1,1,1,-10
568,22,3,1,1,1,5,4,5.0,5.0,5.0,1,1,1,0,1,0,-13
569,19,3,2,1,2,3,3,3.0,4.0,3.0,3,0,0,0,1,1,-11
570,17,2,1,2,2,4,3,4.0,2.0,2.0,1,0,1,0,1,1,10
571,16,3,1,1,1,5,3,2.0,2.0,2.0,5,1,1,0,1,1,10
572,16,3,4,3,1,3,4,5.0,2.0,4.0,2,1,1,0,1,0,11
573,19,2,2,1,3,5,4,5.0,1.0,1.0,1,0,1,1,1,1,10
574,18,4,2,1,2,4,3,2.0,1.0,4.0,5,1,1,0,1,1,10
575,15,3,4,1,1,5,5,5.0,3.0,2.0,5,1,1,0,1,1,10
576,18,3,3,1,2,4,3,3.0,1.0,3.0,5,1,0,1,1,1,10
577,17,4,4,1,3,4,4,2.0,1.0,2.0,4,1,1,1,0,1,10
578,18,4,3,1,3,5,3,2.0,1.0,2.0,4,1,0,0,1,1,10
579,17,2,1,3,1,3,2,2.0,1.0,2.0,5,0,1,1,0,1,10
580,18,1,1,2,1,5,3,3.0,2.0,3.0,5,1,0,0,1,1,-11
581,16,2,1,1,1,4,5,2.0,1.0,1.0,5,0,1,0,1,1,10
582,17,3,2,1,2,4,3,3.0,2.0,3.0,2,0,0,0,0,1,10
583,17,3,4,1,2,5,4,4.0,3.0,4.0,5,1,1,0,1,0,11
584,15,2,2,1,3,4,4,3.0,2.0,2.0,5,0,0,1,1,1,10
585,17,3,4,1,3,4,4,5.0,1.0,3.0,5,0,1,0,1,1,10
586,16,3,2,2,1,4,5,5.0,2.0,,5,1,0,0,1,1,10
587,18,2,1,3,2,4,4,5.0,4.0,4.0,5,1,1,1,1,0,-11
588,18,4,4,1,2,5,4,3.0,1.0,1.0,2,1,1,1,0,1,10
589,15,2,4,1,3,4,3,2.0,1.0,1.0,5,0,0,0,1,1,10
590,15,1,1,2,1,5,2,1.0,1.0,3.0,4,0,0,1,1,1,-10
591,15,1,1,2,4,3,1,2.0,1.0,1.0,1,0,0,0,1,1,10
592,16,3,2,2,2,2,5,5.0,,1.0,1,0,1,0,0,1,12
593,15,2,2,1,3,4,5,2.0,1.0,1.0,3,1,1,0,0,1,10
594,18,3,2,2,3,5,4,2.0,1.0,1.0,4,1,0,1,1,1,10
595,19,4,2,2,2,5,4,4.0,1.0,1.0,1,1,1,0,1,1,10
596,17,2,1,1,1,5,4,5.0,1.0,2.0,5,1,1,0,1,1,10
597,17,3,2,2,2,4,4,4.0,1.0,4.0,3,1,0,0,1,1,12
598,15,2,3,1,1,3,2,2.0,1.0,3.0,3,1,1,0,1,0,10
599,17,1,1,2,3,4,3,3.0,1.0,3.0,5,0,0,1,1,1,10
600,15,4,4,1,3,4,2,2.0,1.0,1.0,5,0,1,0,1,1,10
601,16,1,2,1,3,1,3,2.0,1.0,2.0,4,0,1,0,1,1,11
602,19,4,4,2,2,2,3,4.0,2.0,3.0,2,0,1,0,1,1,10
603,15,4,3,1,2,4,5,2.0,1.0,1.0,5,1,0,0,1,1,10
604,16,3,3,1,2,4,2,3.0,1.0,2.0,3,1,1,0,1,1,10
605,15,1,2,2,1,4,4,4.0,2.0,4.0,5,1,1,1,1,1,10
606,17,3,1,2,2,5,4,4.0,1.0,1.0,5,0,0,0,1,0,13
607,16,2,2,1,1,4,4,3.0,1.0,4.0,3,0,1,0,1,0,11
608,15,2,1,2,1,4,4,2.0,1.0,1.0,5,0,1,1,0,1,-10
609,17,0,1,2,1,2,4,4.0,3.0,5.0,5,0,1,0,1,0,10
610,17,4,4,1,1,4,4,4.0,1.0,1.0,5,0,0,0,1,1,10
611,17,2,3,2,1,5,2,2.0,1.0,1.0,2,1,1,0,1,1,10
612,17,2,2,1,4,3,4,1.0,1.0,1.0,2,0,1,1,1,1,10
613,16,2,2,2,2,3,4,4.0,1.0,4.0,5,0,1,0,1,0,10
614,18,2,2,1,1,5,4,2.0,1.0,2.0,5,1,1,0,1,0,10
615,18,4,4,3,2,3,2,2.0,4.0,2.0,5,0,0,0,1,0,10
616,16,3,3,1,3,4,1,2.0,1.0,1.0,2,0,0,0,1,1,10
617,17,3,3,2,3,4,2,2.0,2.0,3.0,5,0,1,0,1,1,10
618,15,4,4,1,1,5,5,3.0,1.0,1.0,4,1,1,1,0,1,10
619,16,4,4,1,1,4,5,5.0,5.0,5.0,4,1,1,0,1,1,10
620,16,1,1,2,1,3,4,4.0,3.0,4.0,5,1,0,0,1,1,10
621,15,4,1,1,2,5,3,4.0,1.0,2.0,2,1,0,1,1,1,10
622,15,3,4,1,2,5,3,2.0,1.0,1.0,1,0,1,1,0,1,10
623,17,3,3,1,2,5,3,3.0,2.0,3.0,1,0,1,1,1,1,10
624,16,2,2,1,2,4,3,4.0,1.0,2.0,2,0,1,1,1,1,10
625,17,3,2,2,2,4,1,2.0,2.0,2.0,1,1,1,0,1,1,10
626,18,1,3,2,2,3,3,4.0,2.0,4.0,3,1,0,0,1,1,10
627,17,3,2,2,1,4,3,3.0,2.0,2.0,1,0,1,0,1,1,10
628,15,1,2,2,1,5,1,2.0,,1.0,1,0,0,0,1,1,10
629,18,4,4,1,2,4,4,4.0,,3.0,5,0,1,0,1,1,10
630,17,3,4,1,3,4,4,3.0,3.0,4.0,5,0,1,0,1,1,11
631,16,4,3,1,2,5,4,2.0,1.0,2.0,5,1,1,1,1,1,10
632,18,4,4,1,2,5,4,3.0,,4.0,2,0,0,1,1,1,10
633,17,1,2,1,1,2,2,2.0,3.0,3.0,5,1,0,1,1,1,13
634,15,4,4,2,2,4,4,4.0,2.0,3.0,5,0,1,0,1,1,10
635,18,2,2,1,2,3,2,3.0,1.0,1.0,5,0,0,0,1,1,10
636,16,4,4,1,2,4,3,1.0,1.0,1.0,3,1,1,0,1,1,10
637,18,3,2,3,1,4,4,1.0,3.0,4.0,5,1,0,1,1,0,10
638,15,4,4,1,4,1,3,3.0,5.0,5.0,3,1,1,0,0,0,10
639,17,2,1,1,1,4,4,2.0,2.0,4.0,5,1,0,0,1,0,10
640,15,2,2,1,1,4,3,1.0,1.0,1.0,2,0,0,0,1,1,10
641,17,1,4,4,1,5,5,4.0,1.0,1.0,5,0,0,1,0,1,11
642,17,3,2,1,2,4,5,4.0,1.0,2.0,5,0,0,0,1,1,11
643,15,3,3,2,1,5,4,4.0,2.0,3.0,5,0,0,0,1,1,10
644,18,2,2,4,2,4,2,5.0,1.0,1.0,2,0,1,0,1,1,10
645,15,4,4,2,2,4,3,1.0,1.0,1.0,5,1,1,0,1,1,10
646,21,1,1,2,2,5,3,3.0,5.0,2.0,4,1,0,1,1,1,-12
647,16,2,2,1,1,4,3,4.0,1.0,2.0,1,0,1,1,0,1,-10
648,16,2,3,40,2,4,5,4.0,1.0,2.0,1,0,0,0,1,1,10
